asset_id,name,district,lat,lon,install_year,rated_capacity_mva,cooling_type,peak_load_pct,customers_served,criticality,last_maintenance_date,prior_heat_faults
SUB-SGW-001,Camden Landing 69/12kV,Northfield,38.8089,-121.3358,1987,10,OFAF,0.686,1117,2,2024-12-13,1
SUB-SGW-002,Marlow Bend 69/12kV,Cedar Basin,38.4586,-121.225,1979,10,ONAF,0.762,679,5,2025-05-24,1
SUB-SGW-003,Zeller Vale 69/12kV,Ridgeline,38.4883,-121.5521,1978,10,ONAF,0.633,1076,3,2025-05-02,0
SUB-SGW-004,Granite Bluff 69/12kV,Junction West,38.6442,-121.682,1978,10,ONAF,0.763,990,2,2025-09-07,0
SUB-SGW-005,Westmarch Grove 230/34kV,Northfield,38.7607,-121.397,2001,100,ONAN,0.57,2565,3,2024-03-17,0
SUB-SGW-006,Quarrydale Dale 138/13kV,Cedar Basin,38.6555,-121.1982,1993,50,ONAF,0.806,4596,4,2023-02-22,0
SUB-SGW-007,Redwater Water 230/34kV,Ridgeline,38.3431,-121.6055,1983,100,ONAF,0.707,7095,3,2024-02-07,1
SUB-SGW-008,Rushmere Works 138/13kV,Junction West,38.6399,-121.7483,1988,50,ONAN,0.621,3981,3,2023-01-22,2
SUB-SGW-009,Jessup Common 115/12kV,Northfield,38.7984,-121.3069,2005,25,ONAN,0.845,2068,4,2022-09-09,0
SUB-SGW-010,Penrose Ridge 115/12kV,Cedar Basin,38.5841,-121.2153,1996,25,ONAN,0.713,2399,5,2022-10-17,0
SUB-SGW-011,Wexford Terrace 69/12kV,Ridgeline,38.4081,-121.5459,1976,10,ONAN,0.629,1163,4,2025-03-02,2
SUB-SGW-012,Tilbrook Green 138/13kV,Junction West,38.6558,-121.7594,1978,50,OFAF,0.631,4179,1,2022-08-18,1
SUB-SGW-013,Bellview Reach 230/34kV,Northfield,38.8141,-121.3331,1992,100,ONAN,0.824,9316,4,2024-06-17,0
SUB-SGW-014,Jessup Crossing 115/12kV,Cedar Basin,38.5825,-121.149,2004,25,ONAN,0.768,3248,3,2024-03-29,1
SUB-SGW-015,Kingsley Creek 115/12kV,Ridgeline,38.254,-121.5406,1982,25,ONAF,0.856,1905,5,2021-11-16,1
SUB-SGW-016,Camden Moor 115/12kV,Junction West,38.6107,-121.75,1982,25,ONAF,0.638,2423,2,2023-02-27,2
SUB-SGW-017,Briarcliff Dale 69/12kV,Northfield,38.713,-121.4577,1985,10,ONAN,0.706,1078,5,2025-02-25,1
SUB-SGW-018,Kingsley Grove 69/12kV,Cedar Basin,38.6392,-121.1881,1987,10,ONAN,0.866,2459,5,2022-03-08,0
SUB-SGW-019,Yarrow Terrace 230/34kV,Ridgeline,38.3988,-121.6049,1994,100,ONAF,0.75,5639,5,2022-11-07,1
SUB-SGW-020,Aldergrove Point 230/34kV,Junction West,38.6445,-121.7024,2017,100,ONAN,0.734,8986,1,2025-04-08,0
SUB-SGW-021,Cedar Yard 69/12kV,Northfield,38.598,-121.5115,1995,10,ONAF,0.679,626,4,2024-05-25,2
SUB-SGW-022,Granite Lock 230/34kV,Cedar Basin,38.4775,-121.1783,1979,100,ONAN,0.571,9457,1,2022-01-12,0
SUB-SGW-023,Oakhurst Vale 115/12kV,Ridgeline,38.4994,-121.5889,1999,25,ONAN,0.894,2156,4,2024-05-04,1
SUB-SGW-024,Aldergrove Reach 138/13kV,Junction West,38.6056,-121.7866,1976,50,ONAF,0.85,4341,4,2023-07-06,1
SUB-SGW-025,Penrose Hill 69/12kV,Northfield,38.7626,-121.4746,1981,10,ONAN,0.879,924,1,2021-11-05,0
SUB-SGW-026,Northcott Park 230/34kV,Cedar Basin,38.52,-121.2099,1978,100,OFAF,0.899,7558,3,2024-12-21,0
SUB-SGW-027,Granite Gate 69/12kV,Ridgeline,38.2513,-121.6575,1994,10,OFAF,0.834,841,4,2024-09-07,0
SUB-SGW-028,Harrowgate Siding 69/12kV,Junction West,38.5102,-121.7976,1992,10,OFAF,0.774,471,2,2023-03-20,0
SUB-SGW-029,Aldergrove Gate 69/12kV,Northfield,38.648,-121.383,1990,10,ONAN,0.635,579,3,2023-11-22,2
SUB-SGW-030,Granite Hollow 230/34kV,Cedar Basin,38.5775,-121.036,1988,100,ONAF,0.628,13089,5,2022-05-01,1
SUB-SGW-031,Ashford Hollow 69/12kV,Ridgeline,38.3308,-121.6386,1981,10,ONAN,0.694,776,1,2023-08-10,0
SUB-SGW-032,Tilbrook Common 115/12kV,Junction West,38.5833,-121.8542,1983,25,ONAN,0.593,3137,2,2024-01-07,0
SUB-SGW-033,Kingsley Common 138/13kV,Northfield,38.8362,-121.403,1978,50,OFAF,0.568,7314,4,2021-11-04,0
SUB-SGW-034,Pinecrest Works 115/12kV,Cedar Basin,38.4605,-121.311,2009,25,ONAF,0.747,2797,5,2022-01-11,1
SUB-SGW-035,Bellview Crossing 115/12kV,Ridgeline,38.3956,-121.4403,1992,25,OFAF,0.786,2321,2,2023-01-28,0
SUB-SGW-036,Northcott Heights 115/12kV,Junction West,38.4373,-121.8054,1987,25,ONAN,0.73,2355,5,2024-03-05,1
SUB-SGW-037,Bellview Dale 138/13kV,Northfield,38.7165,-121.2834,1991,50,ONAN,0.839,3691,2,2021-10-24,0
SUB-SGW-038,Harrowgate Yard 69/12kV,Cedar Basin,38.4348,-121.1504,1991,10,ONAF,0.818,904,2,2023-07-25,0
SUB-SGW-039,Marlow Reach 230/34kV,Ridgeline,38.3421,-121.634,1986,100,ONAF,0.775,10483,3,2022-01-03,0
SUB-SGW-040,Northcott Ferry 138/13kV,Junction West,38.6054,-121.7675,2002,50,ONAN,0.902,2273,3,2024-11-17,0
SUB-SGW-041,Thornton Point 115/12kV,Northfield,38.5284,-121.4168,1983,25,OFAF,0.935,1972,4,2023-12-15,1
SUB-SGW-042,Pinecrest Moor 115/12kV,Cedar Basin,38.5778,-121.2326,2004,25,OFAF,0.793,1108,5,2024-02-19,0
SUB-SGW-043,Wexford Yard 115/12kV,Ridgeline,38.2792,-121.5436,1987,25,ONAN,0.9,1521,4,2022-03-03,0
SUB-SGW-044,Mossvale Hollow 115/12kV,Junction West,38.5495,-121.792,1988,25,ONAF,0.566,3488,1,2023-05-17,1
SUB-SGW-045,Penrose Reach 69/12kV,Northfield,38.6233,-121.3611,1979,10,ONAF,0.874,1192,2,2023-09-22,1
SUB-SGW-046,Vernham Mill 138/13kV,Cedar Basin,38.5485,-121.1705,2004,50,ONAF,0.947,4268,3,2024-04-02,1
SUB-SGW-047,Briarcliff Crossing 138/13kV,Ridgeline,38.3906,-121.6963,1984,50,ONAN,0.574,4427,1,2024-02-20,1
SUB-SGW-048,Vernham Water 115/12kV,Junction West,38.566,-121.7075,2006,25,OFAF,0.674,1992,2,2022-11-11,0
SUB-SGW-049,Draycott Bend 69/12kV,Northfield,38.8064,-121.5763,2011,10,OFAF,0.887,1464,5,2022-12-31,1
SUB-SGW-050,Ashford Siding 138/13kV,Cedar Basin,38.6426,-121.0997,1990,50,ONAF,0.733,4894,5,2021-10-31,0
SUB-SGW-051,Zeller Works 115/12kV,Ridgeline,38.3703,-121.6624,1986,25,OFAF,0.795,3560,1,2022-10-19,0
SUB-SGW-052,Bellview Park 69/12kV,Junction West,38.5836,-121.7382,1981,10,OFAF,0.645,1765,2,2022-06-03,0
SUB-SGW-053,Fairmount Point 69/12kV,Northfield,38.743,-121.3813,1975,10,ONAF,0.631,750,3,2025-02-05,2
SUB-SGW-054,Marlow Creek 230/34kV,Cedar Basin,38.5996,-121.1226,1985,100,ONAN,0.858,6827,2,2023-10-21,1
SUB-SGW-055,Oakhurst Landing 115/12kV,Ridgeline,38.4229,-121.5211,1994,25,ONAN,0.925,1671,3,2025-01-16,0
SUB-SGW-056,Briarcliff Siding 69/12kV,Junction West,38.5604,-122.056,1989,10,ONAF,0.741,999,3,2025-07-26,0
SUB-SGW-057,Penrose Mill 69/12kV,Northfield,38.7461,-121.2307,1992,10,ONAF,0.909,1522,4,2022-10-25,1
SUB-SGW-058,Camden Creek 138/13kV,Cedar Basin,38.4997,-121.003,1994,50,ONAF,0.689,4005,3,2022-01-30,1
SUB-SGW-059,Rushmere Springs 230/34kV,Ridgeline,38.3436,-121.6958,1985,100,ONAF,0.636,10805,5,2023-03-06,1
SUB-SGW-060,Ivybridge Common 69/12kV,Junction West,38.5853,-121.6014,1993,10,OFAF,0.612,417,5,2024-10-17,0
SUB-SGW-061,Kelvedon Mill 69/12kV,Northfield,38.79,-121.5129,1990,10,ONAN,0.741,957,4,2022-10-13,0
SUB-SGW-062,Fairmount Terrace 69/12kV,Cedar Basin,38.4135,-121.2418,1984,10,ONAF,0.863,912,3,2022-11-12,2
SUB-SGW-063,Oakhurst Creek 138/13kV,Ridgeline,38.3209,-121.5351,1982,50,ONAN,0.851,7314,1,2024-12-18,0
SUB-SGW-064,Northcott Hollow 69/12kV,Junction West,38.4202,-121.9414,1978,10,ONAF,0.922,1114,2,2022-11-21,1
SUB-SGW-065,Sandbourne Common 230/34kV,Northfield,38.703,-121.4782,2017,100,ONAF,0.582,3514,5,2023-12-06,0
SUB-SGW-066,Glenmoor Ferry 115/12kV,Cedar Basin,38.5983,-121.3148,1989,25,ONAN,0.64,2793,3,2023-11-21,4
SUB-SGW-067,Tilbrook Yard 115/12kV,Ridgeline,38.1797,-121.6523,1983,25,ONAN,0.618,3707,5,2023-03-06,0
SUB-SGW-068,Draycott Ridge 69/12kV,Junction West,38.5434,-121.8556,2009,10,ONAN,0.875,809,5,2025-06-15,0
SUB-SGW-069,Quarrydale Landing 230/34kV,Northfield,38.6354,-121.4971,1979,100,OFAF,0.656,6912,5,2021-09-12,0
SUB-SGW-070,Zeller Siding 115/12kV,Cedar Basin,38.5088,-121.3408,1982,25,ONAN,0.552,2129,4,2023-04-05,2
SUB-SGW-071,Draycott Landing 69/12kV,Ridgeline,38.3293,-121.7259,1990,10,ONAN,0.626,1115,1,2022-08-16,0
SUB-SGW-072,Meadow Landing 115/12kV,Junction West,38.5343,-121.756,1988,25,ONAF,0.711,1404,4,2023-08-03,1
SUB-SGW-073,Redwater Ferry 138/13kV,Northfield,38.592,-121.4681,1998,50,ONAF,0.666,6838,3,2024-01-14,3
SUB-SGW-074,Kelvedon Bend 69/12kV,Cedar Basin,38.5579,-120.9477,1982,10,OFAF,0.71,945,5,2025-08-06,0
SUB-SGW-075,Eastvale Yard 69/12kV,Ridgeline,38.3573,-121.4781,1993,10,OFAF,0.641,1201,2,2025-01-18,0
SUB-SGW-076,Eastvale Works 230/34kV,Junction West,38.5985,-121.7645,1984,100,OFAF,0.841,6878,4,2023-07-17,0
SUB-SGW-077,Sandbourne Hill 230/34kV,Northfield,38.5027,-121.3816,1990,100,ONAN,0.751,5497,5,2025-07-04,1
SUB-SGW-078,Fernbank Bluff 115/12kV,Cedar Basin,38.5583,-121.2447,1999,25,ONAF,0.625,1926,2,2022-07-02,4
SUB-SGW-079,Thornton Bend 138/13kV,Ridgeline,38.3602,-121.5798,1988,50,ONAN,0.865,6979,1,2024-10-20,0
SUB-SGW-080,Penrose Bluff 230/34kV,Junction West,38.4546,-121.701,2004,100,ONAF,0.882,10769,4,2024-09-10,0
SUB-SGW-081,Rushmere Green 69/12kV,Northfield,38.6624,-121.3824,1996,10,OFAF,0.562,762,3,2023-04-10,0
SUB-SGW-082,Underhill Landing 230/34kV,Cedar Basin,38.4621,-121.3224,1974,100,ONAF,0.862,5305,5,2023-08-05,0
SUB-SGW-083,Zeller Moor 69/12kV,Ridgeline,38.3527,-121.7893,1972,10,ONAF,0.74,619,4,2023-12-03,1
SUB-SGW-084,Underhill Crossing 69/12kV,Junction West,38.6577,-121.8002,2005,10,OFAF,0.911,750,2,2025-06-17,1
SUB-SGW-085,Harrowgate Heights 69/12kV,Northfield,38.6604,-121.2669,1981,10,ONAN,0.603,1327,1,2024-12-10,2
SUB-SGW-086,Ashford Lock 138/13kV,Cedar Basin,38.3802,-121.2565,2004,50,ONAN,0.737,4550,3,2023-12-07,0
SUB-SGW-087,Quarrydale Reach 138/13kV,Ridgeline,38.3856,-121.6981,1983,50,ONAF,0.893,4014,2,2022-09-03,0
SUB-SGW-088,Langmere Ridge 138/13kV,Junction West,38.5443,-121.8491,1984,50,ONAF,0.666,6287,4,2023-11-19,1
SUB-SGW-089,Willow Heights 138/13kV,Northfield,38.65,-121.4967,1993,50,ONAN,0.729,4714,4,2024-05-19,0
SUB-SGW-090,Ashford Ferry 69/12kV,Cedar Basin,38.4694,-121.2035,1981,10,ONAF,0.75,667,4,2022-05-13,2
SUB-SGW-091,Yarrow Ridge 115/12kV,Ridgeline,38.3486,-121.7993,1992,25,OFAF,0.747,3837,1,2025-03-18,2
SUB-SGW-092,Underhill Springs 69/12kV,Junction West,38.6246,-121.8171,1981,10,ONAF,0.563,514,1,2023-05-06,1
SUB-SGW-093,Vernham Siding 230/34kV,Northfield,38.6926,-121.4769,1980,100,ONAF,0.642,9073,2,2024-11-28,2
SUB-SGW-094,Ashford Water 138/13kV,Cedar Basin,38.5094,-121.1947,2017,50,ONAF,0.947,2305,2,2022-10-16,2
SUB-SGW-095,Underhill Hollow 230/34kV,Ridgeline,38.2608,-121.5194,2008,100,ONAF,0.944,14108,3,2024-03-05,3
SUB-SGW-096,Stonebridge Junction 115/12kV,Junction West,38.6198,-121.8133,1990,25,ONAF,0.683,2816,3,2024-12-29,0
SUB-SGW-097,Ashford Quay 69/12kV,Northfield,38.5366,-121.4371,1980,10,ONAF,0.558,544,3,2021-10-02,0
SUB-SGW-098,Rushmere Lock 69/12kV,Cedar Basin,38.5528,-121.2723,1994,10,ONAN,0.89,828,1,2022-12-11,0
SUB-SGW-099,Pinecrest Common 138/13kV,Ridgeline,38.4322,-121.5539,1987,50,ONAN,0.621,3146,1,2024-02-29,2
SUB-SGW-100,Marlow Grove 69/12kV,Junction West,38.5042,-121.9546,1994,10,ONAN,0.741,741,3,2024-11-27,0
SUB-SGW-101,Wexford Junction 69/12kV,Northfield,38.7291,-121.6207,1974,10,ONAF,0.794,1513,4,2023-10-07,2
SUB-SGW-102,Kingsley Ridge 69/12kV,Cedar Basin,38.486,-121.2623,1988,10,ONAF,0.716,617,2,2022-11-30,0
SUB-SGW-103,Zeller Lock 138/13kV,Ridgeline,38.3283,-121.5243,2007,50,OFAF,0.555,6692,5,2023-04-05,4
SUB-SGW-104,Mossvale Bluff 69/12kV,Junction West,38.5446,-121.6977,2002,10,ONAN,0.846,1395,4,2021-12-10,0
SUB-SGW-105,Kingsley Heights 138/13kV,Northfield,38.6127,-121.4925,2002,50,ONAF,0.698,6829,3,2022-10-20,0
SUB-SGW-106,Stonebridge Grove 69/12kV,Cedar Basin,38.3885,-121.0656,1988,10,ONAN,0.891,680,4,2023-08-11,0
SUB-SGW-107,Fernbank Junction 138/13kV,Ridgeline,38.1438,-121.6142,2007,50,ONAN,0.82,4755,4,2025-04-24,0
SUB-SGW-108,Zeller Junction 69/12kV,Junction West,38.4401,-121.8489,1988,10,ONAF,0.887,938,2,2025-02-17,0
SUB-SGW-109,Fernbank Ferry 230/34kV,Northfield,38.6624,-121.4644,1994,100,ONAN,0.825,7493,5,2024-04-12,0
SUB-SGW-110,Harrowgate Vale 69/12kV,Cedar Basin,38.4888,-121.2376,1979,10,ONAN,0.796,791,3,2022-12-07,0
SUB-SGW-111,Kingsley Hill 138/13kV,Ridgeline,38.384,-121.5646,1977,50,OFAF,0.701,4963,2,2023-11-19,1
SUB-SGW-112,Halloway Park 69/12kV,Junction West,38.4776,-121.7548,1990,10,OFAF,0.559,703,3,2022-04-11,2
SUB-SGW-113,Kingsley Bend 138/13kV,Northfield,38.6793,-121.4999,1993,50,ONAF,0.609,3820,5,2021-10-05,0
SUB-SGW-114,Pinecrest Ridge 230/34kV,Cedar Basin,38.5663,-121.3238,1971,100,OFAF,0.74,6236,5,2025-04-12,0
SUB-SGW-115,Camden Reach 69/12kV,Ridgeline,38.2806,-121.5276,2009,10,OFAF,0.751,972,3,2022-07-16,1
SUB-SGW-116,Rushmere Heights 115/12kV,Junction West,38.3658,-121.7715,2003,25,ONAF,0.941,1374,2,2025-03-05,0
SUB-SGW-117,Yarrow Water 115/12kV,Northfield,38.6784,-121.3503,1973,25,ONAF,0.655,2393,2,2023-06-10,0
SUB-SGW-118,Thornton Reach 115/12kV,Cedar Basin,38.4205,-121.1506,1996,25,ONAN,0.91,1760,2,2023-01-30,0
SUB-SGW-119,Underhill Works 69/12kV,Ridgeline,38.373,-121.5275,1989,10,OFAF,0.793,1380,2,2021-11-19,3
SUB-SGW-120,Penrose Heights 69/12kV,Junction West,38.6868,-121.7929,1990,10,OFAF,0.656,825,1,2022-07-26,0
SUB-SGW-121,Westmarch Common 69/12kV,Northfield,38.6684,-121.5558,1982,10,ONAN,0.704,839,1,2022-05-25,0
SUB-SGW-122,Fairmount Landing 115/12kV,Cedar Basin,38.5243,-121.118,1976,25,OFAF,0.752,2633,2,2024-10-15,1
SUB-SGW-123,Stonebridge Ridge 138/13kV,Ridgeline,38.4137,-121.5715,1998,50,OFAF,0.673,5733,5,2023-10-11,1
SUB-SGW-124,Meadow Ferry 230/34kV,Junction West,38.6695,-121.8152,1999,100,ONAF,0.791,5048,4,2024-08-02,1
SUB-SGW-125,Yarrow Quay 69/12kV,Northfield,38.7379,-121.396,1987,10,ONAF,0.902,1094,3,2023-01-21,0
SUB-SGW-126,Wexford Bluff 230/34kV,Cedar Basin,38.4372,-121.2039,1987,100,ONAF,0.611,11173,3,2022-09-25,0
SUB-SGW-127,Mossvale Heights 115/12kV,Ridgeline,38.5504,-121.614,1987,25,OFAF,0.885,3343,2,2021-11-01,0
SUB-SGW-128,Zeller Hollow 115/12kV,Junction West,38.5915,-121.8199,1980,25,ONAN,0.776,2571,3,2024-06-24,1
SUB-SGW-129,Fernbank Heights 115/12kV,Northfield,38.7143,-121.3742,2001,25,ONAN,0.925,2024,3,2023-08-29,1
SUB-SGW-130,Northcott Junction 115/12kV,Cedar Basin,38.4631,-121.295,1992,25,OFAF,0.732,2915,3,2023-09-24,1
SUB-SGW-131,Briarcliff Bluff 230/34kV,Ridgeline,38.2735,-121.6355,1976,100,ONAN,0.731,18000,5,2023-05-10,0
SUB-SGW-132,Camden Siding 69/12kV,Junction West,38.6457,-121.7357,2005,10,ONAF,0.686,936,4,2023-10-13,1
SUB-SGW-133,Cedar Ferry 230/34kV,Northfield,38.6778,-121.259,1998,100,ONAF,0.669,9255,1,2023-09-28,0
SUB-SGW-134,Aldergrove Yard 115/12kV,Cedar Basin,38.4938,-121.2087,1982,25,ONAN,0.688,2443,1,2024-12-09,1
SUB-SGW-135,Redwater Grove 115/12kV,Ridgeline,38.2989,-121.5406,1992,25,ONAN,0.722,3357,3,2024-06-29,2
SUB-SGW-136,Fairmount Mill 69/12kV,Junction West,38.5912,-121.8484,1991,10,OFAF,0.802,924,4,2022-11-16,2
SUB-SGW-137,Briarcliff Ridge 230/34kV,Northfield,38.9167,-121.415,1973,100,ONAF,0.625,9699,2,2022-11-09,0
SUB-SGW-138,Cedar Terrace 138/13kV,Cedar Basin,38.5019,-121.2912,1981,50,ONAN,0.939,3192,5,2023-09-18,1
SUB-SGW-139,Quarrydale Heights 115/12kV,Ridgeline,38.273,-121.5849,1984,25,ONAF,0.93,1851,4,2025-05-26,1
SUB-SGW-140,Yarrow Bend 115/12kV,Junction West,38.6222,-121.6924,1987,25,OFAF,0.948,1520,3,2022-07-19,0
SUB-SGW-141,Wexford Creek 115/12kV,Northfield,38.7748,-121.4593,1980,25,ONAF,0.918,2718,2,2025-02-06,0
SUB-SGW-142,Glenmoor Point 69/12kV,Cedar Basin,38.2343,-121.325,1986,10,ONAN,0.779,1264,2,2024-07-09,1
SUB-SGW-143,Penrose Moor 115/12kV,Ridgeline,38.3727,-121.5172,2001,25,ONAN,0.777,2534,3,2022-10-01,0
SUB-SGW-144,Eastvale Hill 69/12kV,Junction West,38.7048,-121.7065,1975,10,OFAF,0.884,1401,2,2021-11-25,0
SUB-SGW-145,Vernham Point 69/12kV,Northfield,38.6809,-121.4068,1974,10,ONAF,0.746,673,2,2022-10-02,2
SUB-SGW-146,Oakhurst Works 138/13kV,Cedar Basin,38.5547,-121.177,1974,50,ONAN,0.717,7427,5,2025-04-19,0
SUB-SGW-147,Northcott Bluff 115/12kV,Ridgeline,38.3411,-121.7945,1988,25,ONAN,0.899,3572,2,2022-11-28,1
SUB-SGW-148,Vernham Common 138/13kV,Junction West,38.597,-121.8342,2002,50,ONAF,0.945,2671,1,2023-12-12,0
SUB-SGW-149,Quarrydale Point 138/13kV,Northfield,38.5351,-121.457,1975,50,ONAF,0.946,7720,4,2024-04-26,0
SUB-SGW-150,Fairmount Works 69/12kV,Cedar Basin,38.5659,-121.2134,1978,10,OFAF,0.872,1195,3,2023-03-31,0
SUB-SGW-151,Ivybridge Ridge 115/12kV,Ridgeline,38.4813,-121.6698,1984,25,ONAF,0.765,3511,5,2023-07-23,1
SUB-SGW-152,Halloway Yard 69/12kV,Junction West,38.5009,-121.8115,1990,10,ONAF,0.589,675,5,2022-04-16,2
SUB-SGW-153,Fairmount Gate 138/13kV,Northfield,38.7911,-121.578,1993,50,ONAN,0.829,4462,5,2025-06-15,2
SUB-SGW-154,Northcott Reach 115/12kV,Cedar Basin,38.3606,-121.1822,1998,25,ONAF,0.779,1157,1,2023-09-13,0
SUB-SGW-155,Meadow Lock 115/12kV,Ridgeline,38.4282,-121.5547,1992,25,ONAF,0.8,2826,4,2024-04-23,1
SUB-SGW-156,Draycott Siding 69/12kV,Junction West,38.5518,-121.8711,1983,10,ONAF,0.639,812,5,2021-10-15,2
SUB-SGW-157,Harrowgate Creek 115/12kV,Northfield,38.5525,-121.4653,1985,25,ONAN,0.57,2853,5,2022-05-06,0
SUB-SGW-158,Redwater Green 69/12kV,Cedar Basin,38.674,-121.347,1986,10,ONAN,0.876,751,3,2024-03-01,0
SUB-SGW-159,Camden Hollow 138/13kV,Ridgeline,38.4296,-121.5917,2000,50,OFAF,0.759,3260,3,2024-12-10,1
SUB-SGW-160,Oakhurst Heights 138/13kV,Junction West,38.6692,-121.7163,1989,50,ONAN,0.571,4032,4,2023-03-09,3
SUB-SGW-161,Langmere Ferry 115/12kV,Northfield,38.6067,-121.5582,1987,25,ONAN,0.641,1206,1,2024-09-03,1
SUB-SGW-162,Harrowgate Ferry 69/12kV,Cedar Basin,38.4685,-121.249,1991,10,OFAF,0.911,1159,4,2022-08-10,2
SUB-SGW-163,Fernbank Bend 138/13kV,Ridgeline,38.2607,-121.5604,1995,50,ONAN,0.555,4170,5,2025-07-20,1
SUB-SGW-164,Draycott Water 115/12kV,Junction West,38.5368,-121.7211,1985,25,ONAN,0.767,2298,5,2025-07-03,1
SUB-SGW-165,Willow Common 230/34kV,Northfield,38.7424,-121.3492,1983,100,ONAN,0.797,14159,1,2021-09-22,2
SUB-SGW-166,Pinecrest Heights 138/13kV,Cedar Basin,38.5295,-121.1376,1986,50,ONAN,0.773,3726,1,2022-10-15,2
SUB-SGW-167,Meadow Green 138/13kV,Ridgeline,38.3889,-121.5992,1996,50,OFAF,0.581,8583,1,2021-12-23,0
SUB-SGW-168,Vernham Springs 69/12kV,Junction West,38.7033,-121.7412,1987,10,ONAF,0.907,1343,1,2024-11-15,1
SUB-SGW-169,Fairmount Crossing 69/12kV,Northfield,38.7768,-121.3968,2006,10,ONAF,0.817,521,3,2024-03-18,1
SUB-SGW-170,Sandbourne Hollow 69/12kV,Cedar Basin,38.555,-121.3611,1979,10,OFAF,0.878,1866,2,2022-06-24,1
SUB-SGW-171,Willow Landing 69/12kV,Ridgeline,38.4741,-121.5477,1989,10,OFAF,0.934,1234,5,2024-03-09,0
SUB-SGW-172,Ivybridge Crossing 230/34kV,Junction West,38.4371,-121.7478,1991,100,ONAN,0.583,9871,3,2022-11-02,1
SUB-SGW-173,Aldergrove Creek 138/13kV,Northfield,38.834,-121.3165,1990,50,ONAN,0.837,3457,3,2024-09-22,1
SUB-SGW-174,Ashford Creek 230/34kV,Cedar Basin,38.5378,-121.1538,1983,100,OFAF,0.947,9470,4,2024-05-02,0
SUB-SGW-175,Thornton Vale 138/13kV,Ridgeline,38.3658,-121.7522,1997,50,ONAN,0.64,3449,5,2022-01-18,1
SUB-SGW-176,Marlow Yard 115/12kV,Junction West,38.5823,-121.7156,1982,25,ONAF,0.737,1679,5,2023-06-10,1
SUB-SGW-177,Penrose Junction 115/12kV,Northfield,38.8037,-121.5094,1988,25,ONAF,0.687,1813,3,2024-10-14,2
SUB-SGW-178,Mossvale Landing 115/12kV,Cedar Basin,38.4365,-121.2138,1983,25,ONAF,0.929,3693,2,2024-04-02,0
SUB-SGW-179,Stonebridge Creek 230/34kV,Ridgeline,38.3207,-121.5202,2014,100,ONAF,0.763,14038,1,2023-07-10,0
SUB-SGW-180,Yarrow Lock 138/13kV,Junction West,38.7476,-121.8362,1996,50,ONAF,0.939,7633,5,2023-08-30,0
SUB-SGW-181,Glenmoor Landing 69/12kV,Northfield,38.7181,-121.4927,1978,10,ONAN,0.773,1443,2,2021-11-06,1
SUB-SGW-182,Mossvale Creek 115/12kV,Cedar Basin,38.472,-121.1993,1987,25,ONAN,0.907,2036,4,2024-09-03,0
SUB-SGW-183,Thornton Hollow 69/12kV,Ridgeline,38.3837,-121.6016,1991,10,ONAF,0.833,1520,2,2023-06-26,1
SUB-SGW-184,Rushmere Creek 138/13kV,Junction West,38.5379,-121.9237,1980,50,ONAN,0.749,4256,2,2022-04-02,0
SUB-SGW-185,Tilbrook Grove 69/12kV,Northfield,38.7143,-121.4729,1997,10,OFAF,0.829,587,1,2025-04-04,1
SUB-SGW-186,Zeller Gate 138/13kV,Cedar Basin,38.5852,-121.1032,2007,50,ONAF,0.82,6209,2,2023-05-06,2
SUB-SGW-187,Zeller Springs 138/13kV,Ridgeline,38.2374,-121.5927,2005,50,ONAF,0.654,5890,4,2024-10-24,0
SUB-SGW-188,Ivybridge Terrace 69/12kV,Junction West,38.4439,-121.7738,1977,10,ONAF,0.766,978,2,2024-10-23,1
SUB-SGW-189,Redwater Terrace 138/13kV,Northfield,38.8755,-121.4816,1976,50,ONAF,0.691,3054,5,2024-10-18,3
SUB-SGW-190,Redwater Bluff 69/12kV,Cedar Basin,38.6018,-121.1056,1992,10,ONAN,0.616,687,2,2024-07-31,0
SUB-SGW-191,Glenmoor Bend 230/34kV,Ridgeline,38.1943,-121.5698,1995,100,ONAF,0.724,10551,1,2023-12-01,1
SUB-SGW-192,Vernham Creek 138/13kV,Junction West,38.552,-121.71,1974,50,ONAN,0.875,3607,5,2021-10-18,1
SUB-SGW-193,Rushmere Grove 115/12kV,Northfield,38.698,-121.4547,1988,25,ONAN,0.699,3227,4,2022-08-29,0
SUB-SGW-194,Aldergrove Moor 138/13kV,Cedar Basin,38.4505,-121.1649,1987,50,ONAN,0.576,3229,2,2022-08-29,1
SUB-SGW-195,Draycott Gate 115/12kV,Ridgeline,38.3302,-121.6507,1987,25,ONAF,0.723,1965,2,2024-01-17,1
SUB-SGW-196,Cedar Creek 115/12kV,Junction West,38.5766,-121.7027,1990,25,ONAF,0.773,2811,1,2023-08-07,1
SUB-SGW-197,Ivybridge Moor 138/13kV,Northfield,38.6687,-121.4971,1988,50,ONAN,0.711,5070,2,2023-12-17,1
SUB-SGW-198,Fernbank Moor 69/12kV,Cedar Basin,38.5859,-121.3487,1977,10,ONAN,0.927,1208,2,2024-06-16,0
SUB-SGW-199,Eastvale Common 69/12kV,Ridgeline,38.1902,-121.3555,1979,10,ONAN,0.94,1753,4,2023-06-01,0
SUB-SGW-200,Draycott Terrace 138/13kV,Junction West,38.6208,-121.6823,1987,50,ONAN,0.81,4430,5,2023-12-11,1
SUB-SGW-201,Kingsley Vale 230/34kV,Northfield,38.6641,-121.3692,1991,100,ONAF,0.612,6381,1,2022-03-16,0
SUB-SGW-202,Halloway Dale 230/34kV,Cedar Basin,38.5045,-121.1986,1973,100,ONAF,0.574,6900,5,2022-07-31,1
SUB-SGW-203,Glenmoor Siding 115/12kV,Ridgeline,38.3859,-121.4424,1985,25,OFAF,0.817,1572,3,2023-08-20,1
SUB-SGW-204,Camden Park 69/12kV,Junction West,38.481,-121.8383,1982,10,ONAN,0.663,958,5,2025-01-25,0
SUB-SGW-205,Zeller Landing 115/12kV,Northfield,38.7473,-121.394,2000,25,ONAN,0.915,3428,5,2023-02-04,1
SUB-SGW-206,Glenmoor Dale 69/12kV,Cedar Basin,38.4011,-121.1219,1971,10,ONAN,0.767,729,5,2023-01-26,0
SUB-SGW-207,Fernbank Hollow 69/12kV,Ridgeline,38.3032,-121.5763,1991,10,OFAF,0.752,1315,3,2024-09-02,2
SUB-SGW-208,Rushmere Reach 138/13kV,Junction West,38.775,-121.6482,2004,50,ONAN,0.647,2103,2,2022-05-17,0
SUB-SGW-209,Sandbourne Grove 115/12kV,Northfield,38.6591,-121.3591,1979,25,ONAF,0.775,1473,4,2023-04-11,1
SUB-SGW-210,Ashford Dale 69/12kV,Cedar Basin,38.442,-121.4566,2013,10,ONAF,0.584,1389,5,2023-03-20,2
SUB-SGW-211,Glenmoor Hollow 69/12kV,Ridgeline,38.3604,-121.436,1998,10,ONAN,0.834,830,5,2024-06-03,1
SUB-SGW-212,Draycott Creek 115/12kV,Junction West,38.4085,-121.8816,1982,25,ONAN,0.607,2050,4,2024-04-16,0
SUB-SGW-213,Quarrydale Grove 230/34kV,Northfield,38.6537,-121.4375,1992,100,ONAN,0.944,9112,4,2023-10-26,1
SUB-SGW-214,Stonebridge Moor 69/12kV,Cedar Basin,38.4574,-121.1993,1980,10,ONAF,0.85,902,2,2022-02-07,2
SUB-SGW-215,Aldergrove Dale 230/34kV,Ridgeline,38.3224,-121.5567,1982,100,ONAF,0.748,8915,1,2023-09-28,1
SUB-SGW-216,Redwater Vale 69/12kV,Junction West,38.7465,-121.7953,1983,10,ONAN,0.728,1493,3,2022-06-26,0
SUB-SGW-217,Fairmount Reach 69/12kV,Northfield,38.8324,-121.3781,1997,10,ONAF,0.898,1225,1,2024-06-04,1
SUB-SGW-218,Bellview Vale 138/13kV,Cedar Basin,38.7224,-121.2418,1992,50,ONAF,0.854,4184,2,2024-09-26,0
SUB-SGW-219,Langmere Moor 69/12kV,Ridgeline,38.156,-121.6903,1988,10,ONAF,0.569,1331,5,2022-06-30,0
SUB-SGW-220,Harrowgate Moor 115/12kV,Junction West,38.4778,-121.8657,1982,25,ONAF,0.806,1900,5,2021-12-09,1
SUB-SGW-221,Penrose Terrace 138/13kV,Northfield,38.7114,-121.5151,1980,50,ONAF,0.731,5454,2,2024-07-26,1
SUB-SGW-222,Kelvedon Landing 138/13kV,Cedar Basin,38.5571,-121.13,1983,50,ONAF,0.626,4036,1,2023-02-02,0
SUB-SGW-223,Draycott Park 115/12kV,Ridgeline,38.3002,-121.6227,1978,25,ONAN,0.567,1964,5,2022-10-05,3
SUB-SGW-224,Halloway Ferry 138/13kV,Junction West,38.7869,-121.8661,1986,50,OFAF,0.806,5032,1,2023-04-25,2
SUB-SGW-225,Mossvale Vale 69/12kV,Northfield,38.8143,-121.482,1968,10,ONAN,0.578,502,2,2024-06-27,0
SUB-SGW-226,Meadow Springs 230/34kV,Cedar Basin,38.5239,-121.1228,1984,100,ONAF,0.826,6126,5,2025-03-18,0
SUB-SGW-227,Aldergrove Works 69/12kV,Ridgeline,38.2809,-121.3988,1976,10,OFAF,0.821,618,5,2024-07-02,0
SUB-SGW-228,Underhill Ridge 230/34kV,Junction West,38.6683,-121.7781,1985,100,ONAF,0.62,8975,3,2025-07-17,0
SUB-SGW-229,Draycott Common 69/12kV,Northfield,38.7874,-121.5,1997,10,ONAN,0.771,1208,1,2025-02-11,2
SUB-SGW-230,Glenmoor Moor 115/12kV,Cedar Basin,38.5062,-121.1728,1977,25,OFAF,0.81,2503,5,2023-06-02,1
SUB-SGW-231,Yarrow Siding 69/12kV,Ridgeline,38.4539,-121.4841,1975,10,ONAF,0.786,765,1,2021-10-08,0
SUB-SGW-232,Granite Water 138/13kV,Junction West,38.5642,-121.7565,1985,50,OFAF,0.854,4247,2,2022-06-03,1
SUB-SGW-233,Draycott Moor 138/13kV,Northfield,38.6653,-121.5099,1995,50,ONAN,0.757,5325,4,2024-07-05,0
SUB-SGW-234,Ivybridge Grove 69/12kV,Cedar Basin,38.5709,-121.268,1978,10,OFAF,0.775,1113,2,2024-09-22,1
SUB-SGW-235,Eastvale Park 69/12kV,Ridgeline,38.3435,-121.5101,1991,10,OFAF,0.771,1170,5,2024-07-25,0
SUB-SGW-236,Thornton Heights 115/12kV,Junction West,38.5359,-121.7392,1973,25,ONAN,0.582,1628,1,2025-05-04,1
SUB-SGW-237,Wexford Water 115/12kV,Northfield,38.7278,-121.5463,1985,25,ONAN,0.934,1398,1,2023-09-11,1
SUB-SGW-238,Willow Bluff 138/13kV,Cedar Basin,38.4824,-121.1106,1996,50,ONAN,0.816,3763,3,2024-12-21,0
SUB-SGW-239,Meadow Gate 69/12kV,Ridgeline,38.3345,-121.5166,1977,10,ONAN,0.723,759,4,2022-05-04,0
SUB-SGW-240,Mossvale Moor 138/13kV,Junction West,38.7284,-121.7823,1991,50,ONAF,0.742,10054,3,2024-09-27,0
SUB-SGW-241,Oakhurst Terrace 230/34kV,Northfield,38.6032,-121.3846,1984,100,ONAN,0.56,9000,5,2022-03-18,1
SUB-SGW-242,Briarcliff Water 230/34kV,Cedar Basin,38.5767,-121.1282,2008,100,ONAF,0.591,11136,4,2022-07-20,0
SUB-SGW-243,Mossvale Siding 115/12kV,Ridgeline,38.2641,-121.7015,1971,25,OFAF,0.713,2725,4,2022-07-03,1
SUB-SGW-244,Mossvale Lock 69/12kV,Junction West,38.5417,-121.642,2009,10,ONAN,0.76,808,1,2022-12-02,1
SUB-SGW-245,Camden Ridge 115/12kV,Northfield,38.4726,-121.4435,1985,25,ONAF,0.868,1937,1,2024-03-12,2
SUB-SGW-246,Yarrow Crossing 69/12kV,Cedar Basin,38.3201,-121.279,1978,10,ONAF,0.742,619,2,2025-08-06,2
SUB-SGW-247,Underhill Terrace 115/12kV,Ridgeline,38.3034,-121.6726,1992,25,ONAF,0.604,1429,2,2025-03-10,0
SUB-SGW-248,Penrose Ferry 230/34kV,Junction West,38.5945,-121.8297,1973,100,ONAN,0.916,11431,1,2025-08-23,1
SUB-SGW-249,Ashford Gate 69/12kV,Northfield,38.7834,-121.5308,2003,10,ONAF,0.928,1102,3,2023-01-12,0
SUB-SGW-250,Kelvedon Reach 69/12kV,Cedar Basin,38.4954,-121.2703,1978,10,OFAF,0.58,1346,5,2024-09-23,0
SUB-SGW-251,Fairmount Common 138/13kV,Ridgeline,38.3656,-121.5273,1994,50,OFAF,0.875,6041,5,2023-08-01,1
SUB-SGW-252,Fernbank Dale 115/12kV,Junction West,38.5747,-121.8122,1977,25,ONAN,0.643,2001,1,2021-09-14,2
SUB-SGW-253,Kelvedon Green 230/34kV,Northfield,38.7431,-121.424,2003,100,ONAF,0.585,5503,4,2024-08-06,3
SUB-SGW-254,Harrowgate Hill 115/12kV,Cedar Basin,38.4182,-121.1951,2013,25,ONAN,0.788,1850,3,2025-02-01,0
SUB-SGW-255,Halloway Siding 69/12kV,Ridgeline,38.3145,-121.5527,1973,10,ONAF,0.681,587,5,2025-04-14,2
SUB-SGW-256,Ivybridge Water 69/12kV,Junction West,38.5131,-121.815,1973,10,ONAN,0.867,1145,4,2023-02-26,1
SUB-SGW-257,Tilbrook Ridge 69/12kV,Northfield,38.5806,-121.486,1983,10,ONAN,0.937,912,4,2025-04-28,0
SUB-SGW-258,Stonebridge Quay 115/12kV,Cedar Basin,38.4866,-121.3772,1991,25,OFAF,0.923,2838,3,2024-03-11,1
SUB-SGW-259,Underhill Hill 138/13kV,Ridgeline,38.4904,-121.5356,2002,50,ONAF,0.785,2972,4,2023-07-03,0
SUB-SGW-260,Draycott Green 230/34kV,Junction West,38.5005,-121.7841,1992,100,ONAN,0.892,9626,5,2023-05-29,0
SUB-SGW-261,Harrowgate Grove 115/12kV,Northfield,38.6319,-121.1867,1968,25,OFAF,0.823,2209,4,2021-10-27,0
SUB-SGW-262,Penrose Landing 230/34kV,Cedar Basin,38.4793,-121.2004,1996,100,ONAF,0.619,5245,5,2024-09-17,1
SUB-SGW-263,Draycott Crossing 115/12kV,Ridgeline,38.3458,-121.6136,2003,25,ONAN,0.611,4602,2,2023-04-24,1
SUB-SGW-264,Northcott Landing 69/12kV,Junction West,38.7747,-121.7251,1971,10,ONAN,0.787,528,1,2025-09-04,0
SUB-SGW-265,Rushmere Bluff 115/12kV,Northfield,38.5929,-121.5584,2005,25,ONAF,0.742,3013,5,2023-07-13,1
SUB-SGW-266,Draycott Works 230/34kV,Cedar Basin,38.4827,-121.1114,2003,100,ONAF,0.749,12768,2,2024-07-25,2
SUB-SGW-267,Mossvale Quay 138/13kV,Ridgeline,38.4277,-121.4621,1989,50,OFAF,0.743,3862,1,2022-02-21,1
SUB-SGW-268,Yarrow Hill 138/13kV,Junction West,38.5746,-121.7683,1979,50,OFAF,0.653,3009,3,2022-02-20,1
SUB-SGW-269,Zeller Park 138/13kV,Northfield,38.7772,-121.5471,2000,50,ONAN,0.744,4224,4,2023-05-03,1
SUB-SGW-270,Aldergrove Lock 138/13kV,Cedar Basin,38.4537,-121.1132,1984,50,OFAF,0.903,5500,1,2023-10-25,1
SUB-SGW-271,Granite Crossing 69/12kV,Ridgeline,38.2745,-121.5764,1978,10,ONAN,0.649,924,2,2021-09-30,0
SUB-SGW-272,Briarcliff Park 69/12kV,Junction West,38.5899,-121.6495,1994,10,ONAF,0.696,578,4,2023-08-16,0
SUB-SGW-273,Mossvale Green 115/12kV,Northfield,38.7977,-121.5133,2011,25,ONAF,0.774,3193,2,2024-09-16,2
SUB-SGW-274,Redwater Hill 69/12kV,Cedar Basin,38.5612,-121.2768,1977,10,ONAN,0.879,1328,3,2023-08-17,0
SUB-SGW-275,Zeller Dale 138/13kV,Ridgeline,38.3923,-121.6544,1990,50,ONAN,0.852,4271,1,2022-11-03,0
SUB-SGW-276,Eastvale Terrace 115/12kV,Junction West,38.4929,-121.7458,1982,25,ONAN,0.677,4135,2,2022-08-23,0
SUB-SGW-277,Penrose Bend 69/12kV,Northfield,38.5492,-121.4094,1987,10,OFAF,0.822,905,1,2023-07-20,0
SUB-SGW-278,Granite Point 115/12kV,Cedar Basin,38.5378,-121.0271,1981,25,ONAF,0.669,2364,2,2021-10-25,0
SUB-SGW-279,Cedar Vale 138/13kV,Ridgeline,38.3803,-121.6139,2004,50,ONAF,0.618,7371,3,2021-12-29,0
SUB-SGW-280,Yarrow Park 115/12kV,Junction West,38.4749,-121.6588,1980,25,ONAN,0.566,3227,2,2023-04-25,1
SUB-SGW-281,Zeller Quay 115/12kV,Northfield,38.6679,-121.4817,1998,25,ONAF,0.903,2882,2,2024-07-23,0
SUB-SGW-282,Redwater Ridge 115/12kV,Cedar Basin,38.4861,-121.1805,1995,25,ONAF,0.844,1799,1,2025-05-15,4
SUB-SGW-283,Tilbrook Lock 138/13kV,Ridgeline,38.2812,-121.5915,1997,50,ONAF,0.89,5932,5,2022-06-15,0
SUB-SGW-284,Willow Hill 138/13kV,Junction West,38.7498,-121.7981,2000,50,OFAF,0.913,2871,2,2023-04-06,1
SUB-SGW-285,Pinecrest Water 69/12kV,Northfield,38.7431,-121.3632,2012,10,ONAN,0.626,936,4,2023-10-17,1
SUB-SGW-286,Redwater Gate 69/12kV,Cedar Basin,38.5462,-121.2487,1996,10,ONAN,0.755,921,5,2022-04-01,1
SUB-SGW-287,Cedar Hill 115/12kV,Ridgeline,38.3874,-121.529,1985,25,OFAF,0.681,2412,2,2024-07-24,0
SUB-SGW-288,Bellview Green 69/12kV,Junction West,38.543,-121.7395,1975,10,ONAF,0.926,723,3,2022-05-11,3
SUB-SGW-289,Tilbrook Siding 115/12kV,Northfield,38.5455,-121.559,1996,25,OFAF,0.923,2957,4,2022-06-16,0
SUB-SGW-290,Bellview Siding 115/12kV,Cedar Basin,38.4298,-121.2767,2007,25,ONAN,0.68,1497,1,2023-08-01,0
SUB-SGW-291,Marlow Works 69/12kV,Ridgeline,38.3823,-121.5199,1991,10,ONAN,0.556,875,4,2023-07-08,0
SUB-SGW-292,Sandbourne Junction 115/12kV,Junction West,38.6253,-121.7858,1980,25,OFAF,0.869,2687,1,2025-06-28,1
SUB-SGW-293,Rushmere Siding 115/12kV,Northfield,38.7422,-121.5062,1975,25,ONAF,0.886,2869,2,2024-06-14,2
SUB-SGW-294,Stonebridge Mill 69/12kV,Cedar Basin,38.3671,-121.2782,1997,10,ONAF,0.74,726,2,2024-07-19,1
SUB-SGW-295,Halloway Green 115/12kV,Ridgeline,38.3146,-121.6369,1983,25,ONAN,0.823,1783,4,2022-11-04,1
SUB-SGW-296,Westmarch Junction 138/13kV,Junction West,38.6357,-121.9508,2010,50,ONAN,0.72,4290,4,2024-03-12,0
SUB-SGW-297,Jessup Park 115/12kV,Northfield,38.7602,-121.3565,1986,25,ONAF,0.583,3463,2,2024-08-21,1
SUB-SGW-298,Bellview Creek 138/13kV,Cedar Basin,38.5514,-121.2164,1985,50,ONAF,0.737,3314,2,2023-06-23,0
SUB-SGW-299,Underhill Heights 69/12kV,Ridgeline,38.3104,-121.5762,1977,10,OFAF,0.558,1742,5,2023-05-14,0
SUB-SGW-300,Fairmount Junction 138/13kV,Junction West,38.5846,-121.9394,2006,50,OFAF,0.922,5922,3,2022-03-06,0
SUB-SGW-301,Fernbank Gate 69/12kV,Northfield,38.8085,-121.6763,1994,10,ONAN,0.71,851,3,2022-11-05,0
SUB-SGW-302,Glenmoor Ridge 69/12kV,Cedar Basin,38.4879,-121.1066,1979,10,OFAF,0.902,826,4,2022-08-29,1
SUB-SGW-303,Vernham Ferry 115/12kV,Ridgeline,38.321,-121.6096,1988,25,ONAF,0.768,3539,2,2024-07-23,1
SUB-SGW-304,Stonebridge Bluff 69/12kV,Junction West,38.5303,-121.6612,2003,10,ONAF,0.881,1948,5,2024-08-08,0
SUB-SGW-305,Kingsley Hollow 230/34kV,Northfield,38.7466,-121.2735,1990,100,ONAN,0.687,5670,3,2024-10-01,1
SUB-SGW-306,Mossvale Bend 69/12kV,Cedar Basin,38.3882,-121.2414,1975,10,OFAF,0.634,1131,1,2022-05-31,0
SUB-SGW-307,Tilbrook Mill 230/34kV,Ridgeline,38.4043,-121.6865,1984,100,ONAN,0.787,10563,5,2024-05-09,2
SUB-SGW-308,Jessup Terrace 115/12kV,Junction West,38.5559,-121.8991,1984,25,ONAN,0.749,2314,4,2025-03-04,0
SUB-SGW-309,Ivybridge Dale 115/12kV,Northfield,38.676,-121.3134,1979,25,ONAN,0.631,1458,1,2023-05-27,0
SUB-SGW-310,Redwater Mill 69/12kV,Cedar Basin,38.4447,-121.3194,1989,10,ONAN,0.699,796,1,2024-03-15,0
SUB-SGW-311,Ivybridge Works 69/12kV,Ridgeline,38.2827,-121.5511,1988,10,ONAN,0.679,569,5,2023-10-23,0
SUB-SGW-312,Vernham Bluff 69/12kV,Junction West,38.5057,-121.8837,1977,10,ONAN,0.891,2165,2,2022-10-27,0
SUB-SGW-313,Jessup Ridge 115/12kV,Northfield,38.6915,-121.4986,1980,25,ONAN,0.619,1051,1,2022-07-03,1
SUB-SGW-314,Ivybridge Heights 115/12kV,Cedar Basin,38.5811,-121.338,1991,25,ONAN,0.627,2310,3,2022-06-11,0
SUB-SGW-315,Ivybridge Reach 230/34kV,Ridgeline,38.3588,-121.472,2000,100,OFAF,0.754,13516,4,2023-12-14,0
SUB-SGW-316,Kelvedon Bluff 138/13kV,Junction West,38.7113,-121.7946,1990,50,OFAF,0.727,3430,2,2023-01-25,1
SUB-SGW-317,Sandbourne Heights 230/34kV,Northfield,38.7223,-121.6203,1988,100,OFAF,0.818,8989,2,2023-01-19,1
SUB-SGW-318,Kelvedon Common 138/13kV,Cedar Basin,38.4884,-121.2824,2002,50,OFAF,0.831,5512,5,2024-06-13,0
SUB-SGW-319,Ashford Bend 115/12kV,Ridgeline,38.4931,-121.6402,1978,25,ONAN,0.707,2483,2,2023-01-24,1
SUB-SGW-320,Wexford Dale 69/12kV,Junction West,38.4769,-121.8625,1973,10,ONAF,0.698,841,4,2023-12-11,0
SUB-SGW-321,Kelvedon Park 138/13kV,Northfield,38.6926,-121.5021,1984,50,ONAN,0.621,5079,5,2022-03-04,0
SUB-SGW-322,Granite Moor 138/13kV,Cedar Basin,38.5906,-121.1854,2002,50,ONAF,0.825,2966,2,2025-02-01,1
SUB-SGW-323,Fernbank Mill 138/13kV,Ridgeline,38.3631,-121.5182,1991,50,ONAF,0.916,6918,5,2024-06-09,1
SUB-SGW-324,Wexford Moor 138/13kV,Junction West,38.6326,-121.9121,1999,50,OFAF,0.677,4608,4,2024-05-02,2
SUB-SGW-325,Stonebridge Lock 230/34kV,Northfield,38.7729,-121.3865,1986,100,ONAF,0.913,5993,1,2023-04-01,2
SUB-SGW-326,Camden Mill 115/12kV,Cedar Basin,38.3801,-121.2966,1989,25,ONAF,0.706,2181,3,2025-03-11,1
SUB-SGW-327,Vernham Heights 115/12kV,Ridgeline,38.2913,-121.5285,1988,25,ONAF,0.65,2221,1,2025-06-14,1
SUB-SGW-328,Meadow Moor 115/12kV,Junction West,38.6957,-121.8487,1992,25,ONAN,0.76,2222,5,2024-01-19,0
SUB-SGW-329,Cedar Crossing 230/34kV,Northfield,38.7002,-121.4542,1986,100,ONAF,0.734,8902,2,2025-07-24,3
SUB-SGW-330,Cedar Quay 138/13kV,Cedar Basin,38.517,-121.2434,1991,50,ONAF,0.601,6778,5,2023-06-20,1
SUB-SGW-331,Langmere Common 230/34kV,Ridgeline,38.2711,-121.6866,2000,100,ONAN,0.839,18000,1,2022-01-13,2
SUB-SGW-332,Draycott Point 115/12kV,Junction West,38.7665,-121.8217,1978,25,OFAF,0.592,2441,1,2023-01-02,2
SUB-SGW-333,Ashford Point 69/12kV,Northfield,38.6472,-121.4948,1975,10,ONAF,0.595,734,2,2022-09-18,1
SUB-SGW-334,Kingsley Ferry 138/13kV,Cedar Basin,38.5772,-121.2179,1975,50,ONAN,0.611,3241,4,2024-09-01,0
SUB-SGW-335,Fairmount Heights 230/34kV,Ridgeline,38.3336,-121.6748,1992,100,ONAN,0.843,7035,3,2021-11-03,1
SUB-SGW-336,Cedar Works 69/12kV,Junction West,38.5657,-121.6622,1986,10,ONAF,0.754,3081,4,2023-03-10,1
SUB-SGW-337,Penrose Park 230/34kV,Northfield,38.6445,-121.5017,1972,100,ONAN,0.762,15306,5,2023-04-13,1
SUB-SGW-338,Eastvale Gate 69/12kV,Cedar Basin,38.3889,-121.2303,1988,10,ONAN,0.877,578,2,2021-12-26,1
SUB-SGW-339,Briarcliff Lock 115/12kV,Ridgeline,38.2728,-121.6764,2001,25,ONAN,0.567,2844,4,2025-08-01,0
SUB-SGW-340,Ivybridge Green 230/34kV,Junction West,38.4725,-121.578,1983,100,ONAN,0.909,14024,1,2021-10-28,0
SUB-SGW-341,Wexford Green 230/34kV,Northfield,38.794,-121.3881,1981,100,ONAN,0.786,18000,4,2022-01-31,1
SUB-SGW-342,Jessup Mill 115/12kV,Cedar Basin,38.331,-121.1613,1992,25,OFAF,0.69,2571,4,2024-06-30,0
SUB-SGW-343,Kingsley Park 69/12kV,Ridgeline,38.3431,-121.5529,1991,10,ONAF,0.653,1362,5,2022-08-09,1
SUB-SGW-344,Ashford Park 138/13kV,Junction West,38.5652,-121.6439,2008,50,ONAF,0.797,5436,5,2025-08-11,0
SUB-SGW-345,Cedar Grove 69/12kV,Northfield,38.6598,-121.3586,1991,10,ONAN,0.926,1057,4,2025-08-14,0
SUB-SGW-346,Harrowgate Water 115/12kV,Cedar Basin,38.5303,-121.2171,2002,25,OFAF,0.601,2837,1,2024-08-28,0
SUB-SGW-347,Vernham Quay 115/12kV,Ridgeline,38.36,-121.5824,1982,25,ONAF,0.883,1593,5,2024-04-26,0
SUB-SGW-348,Bellview Springs 69/12kV,Junction West,38.4347,-121.8611,1994,10,ONAN,0.744,790,5,2023-09-21,1
SUB-SGW-349,Northcott Dale 115/12kV,Northfield,38.6389,-121.3619,1994,25,ONAF,0.609,3402,4,2021-09-19,0
SUB-SGW-350,Underhill Common 69/12kV,Cedar Basin,38.4126,-121.1745,1978,10,ONAF,0.628,862,1,2025-05-10,1
SUB-SGW-351,Camden Common 115/12kV,Ridgeline,38.1115,-121.5082,1984,25,ONAN,0.612,1644,3,2024-10-28,1
SUB-SGW-352,Yarrow Green 69/12kV,Junction West,38.4584,-121.8679,1998,10,ONAN,0.853,1063,4,2024-09-13,0
SUB-SGW-353,Fernbank Works 138/13kV,Northfield,38.6801,-121.3413,2000,50,ONAF,0.918,8274,1,2023-08-28,0
SUB-SGW-354,Westmarch Park 230/34kV,Cedar Basin,38.296,-121.1806,1979,100,ONAN,0.86,18000,1,2023-02-08,1
SUB-SGW-355,Cedar Bend 69/12kV,Ridgeline,38.2547,-121.3079,1989,10,ONAF,0.702,1140,1,2023-02-13,0
SUB-SGW-356,Aldergrove Common 69/12kV,Junction West,38.6425,-121.7388,1982,10,ONAN,0.78,788,2,2021-11-06,2
SUB-SGW-357,Pinecrest Grove 69/12kV,Northfield,38.7226,-121.4625,1984,10,ONAN,0.733,970,2,2024-08-04,0
SUB-SGW-358,Rushmere Terrace 115/12kV,Cedar Basin,38.307,-121.1734,1991,25,ONAF,0.761,2607,5,2025-03-02,0
SUB-SGW-359,Fairmount Springs 69/12kV,Ridgeline,38.416,-121.6126,1992,10,ONAN,0.938,642,5,2022-11-16,0
SUB-SGW-360,Rushmere Crossing 69/12kV,Junction West,38.6872,-121.7497,1979,10,ONAN,0.809,746,5,2021-09-12,0
SUB-SGW-361,Cedar Junction 115/12kV,Northfield,38.7988,-121.6382,1994,25,ONAF,0.804,1545,2,2022-02-05,1
SUB-SGW-362,Mossvale Ferry 230/34kV,Cedar Basin,38.575,-121.2442,1983,100,ONAF,0.89,10863,1,2024-12-23,1
SUB-SGW-363,Bellview Terrace 69/12kV,Ridgeline,38.2354,-121.5575,1985,10,ONAN,0.732,631,3,2025-08-06,1
SUB-SGW-364,Westmarch Lock 69/12kV,Junction West,38.5926,-121.6757,1986,10,ONAF,0.756,723,1,2022-04-03,1
SUB-SGW-365,Tilbrook Bend 69/12kV,Northfield,38.7052,-121.518,1984,10,ONAN,0.716,1194,2,2022-03-27,3
SUB-SGW-366,Westmarch Yard 138/13kV,Cedar Basin,38.5254,-121.3351,1995,50,ONAF,0.743,3237,3,2021-09-19,1
SUB-SGW-367,Ashford Green 138/13kV,Ridgeline,38.4163,-121.6181,2003,50,OFAF,0.747,4900,2,2025-04-16,0
SUB-SGW-368,Rushmere Ridge 69/12kV,Junction West,38.6091,-121.887,2013,10,ONAF,0.551,908,4,2025-03-09,1
SUB-SGW-369,Halloway Point 138/13kV,Northfield,38.7731,-121.2178,1999,50,ONAN,0.66,2873,1,2024-02-08,1
SUB-SGW-370,Glenmoor Common 138/13kV,Cedar Basin,38.5988,-121.1615,1998,50,OFAF,0.615,6727,3,2023-02-27,0
SUB-SGW-371,Redwater Yard 138/13kV,Ridgeline,38.4198,-121.6411,1980,50,ONAF,0.866,3537,1,2022-01-10,3
SUB-SGW-372,Ivybridge Hollow 115/12kV,Junction West,38.5423,-121.6376,2006,25,ONAF,0.631,2492,5,2024-12-14,0
SUB-SGW-373,Eastvale Mill 230/34kV,Northfield,38.7491,-121.5636,1987,100,OFAF,0.945,7112,2,2022-01-11,2
SUB-SGW-374,Fernbank Springs 230/34kV,Cedar Basin,38.6541,-121.1425,1981,100,ONAF,0.737,12159,5,2025-04-08,0
SUB-SGW-375,Halloway Junction 69/12kV,Ridgeline,38.3482,-121.4941,1978,10,OFAF,0.805,1436,3,2023-06-20,1
SUB-SGW-376,Westmarch Dale 138/13kV,Junction West,38.5876,-121.7833,2002,50,ONAF,0.68,3178,1,2023-10-14,0
SUB-SGW-377,Meadow Grove 138/13kV,Northfield,38.7461,-121.2785,1974,50,ONAN,0.55,7591,4,2025-06-05,1
SUB-SGW-378,Marlow Junction 69/12kV,Cedar Basin,38.5345,-121.3768,2015,10,OFAF,0.871,1171,2,2024-12-03,0
SUB-SGW-379,Oakhurst Common 69/12kV,Ridgeline,38.2663,-121.4905,1987,10,ONAN,0.824,1421,5,2024-01-24,1
SUB-SGW-380,Fairmount Creek 69/12kV,Junction West,38.4869,-121.732,1991,10,ONAN,0.564,1081,5,2023-02-16,0
SUB-SGW-381,Kelvedon Dale 138/13kV,Northfield,38.7778,-121.3999,1979,50,ONAF,0.845,1569,1,2024-01-22,1
SUB-SGW-382,Kingsley Reach 69/12kV,Cedar Basin,38.4292,-121.4295,1988,10,ONAF,0.892,1326,4,2022-08-07,0
SUB-SGW-383,Penrose Grove 138/13kV,Ridgeline,38.3821,-121.5345,1986,50,ONAF,0.687,7220,3,2024-09-28,0
SUB-SGW-384,Ashford Ridge 69/12kV,Junction West,38.5737,-121.7219,1984,10,ONAF,0.91,1580,3,2023-09-09,1
SUB-SGW-385,Redwater Crossing 115/12kV,Northfield,38.7702,-121.4504,1992,25,ONAN,0.795,2335,1,2024-04-22,0
SUB-SGW-386,Yarrow Common 115/12kV,Cedar Basin,38.472,-121.2699,2000,25,OFAF,0.687,2379,4,2025-06-15,0
SUB-SGW-387,Underhill Point 230/34kV,Ridgeline,38.3362,-121.5739,1998,100,ONAN,0.64,11313,1,2024-12-11,1
SUB-SGW-388,Fernbank Creek 69/12kV,Junction West,38.4591,-121.8707,1973,10,ONAN,0.762,640,4,2023-05-13,0
SUB-SGW-389,Zeller Creek 115/12kV,Northfield,38.8568,-121.4952,2007,25,OFAF,0.751,1949,3,2023-10-18,2
SUB-SGW-390,Aldergrove Green 115/12kV,Cedar Basin,38.5993,-121.1716,1983,25,ONAF,0.709,2117,3,2025-05-08,0
SUB-SGW-391,Oakhurst Quay 115/12kV,Ridgeline,38.194,-121.6123,1970,25,ONAF,0.673,1850,3,2023-09-27,4
SUB-SGW-392,Meadow Vale 115/12kV,Junction West,38.6502,-121.7764,1998,25,ONAN,0.932,2219,4,2025-02-22,0
SUB-SGW-393,Granite Common 69/12kV,Northfield,38.7291,-121.4961,1980,10,ONAN,0.568,627,5,2022-12-23,1
SUB-SGW-394,Mossvale Dale 138/13kV,Cedar Basin,38.5364,-121.1861,1986,50,ONAF,0.753,3737,3,2023-11-11,1
SUB-SGW-395,Fairmount Green 69/12kV,Ridgeline,38.2959,-121.7431,1982,10,ONAN,0.816,922,3,2021-09-11,1
SUB-SGW-396,Granite Hill 115/12kV,Junction West,38.5495,-121.6902,1980,25,ONAN,0.823,2789,4,2022-04-30,1
SUB-SGW-397,Penrose Springs 138/13kV,Northfield,38.6384,-121.4446,1975,50,ONAF,0.66,4856,1,2022-06-02,0
SUB-SGW-398,Northcott Water 115/12kV,Cedar Basin,38.496,-121.2363,1984,25,ONAN,0.843,2576,4,2025-03-20,1
SUB-SGW-399,Tilbrook Water 69/12kV,Ridgeline,38.3156,-121.5901,2009,10,ONAF,0.904,1222,4,2022-12-11,0
SUB-SGW-400,Willow Quay 138/13kV,Junction West,38.4426,-121.712,1994,50,ONAF,0.723,2990,2,2023-04-18,0
SUB-SGW-401,Kelvedon Water 138/13kV,Northfield,38.6312,-121.4892,1992,50,ONAN,0.695,4878,3,2024-07-10,0
SUB-SGW-402,Sandbourne Quay 115/12kV,Cedar Basin,38.6054,-121.3448,1992,25,ONAF,0.708,2616,5,2022-11-21,1
SUB-SGW-403,Underhill Mill 69/12kV,Ridgeline,38.2635,-121.6975,1987,10,ONAF,0.906,846,4,2022-12-23,1
SUB-SGW-404,Willow Crossing 69/12kV,Junction West,38.4813,-121.7889,1980,10,ONAN,0.823,942,4,2025-02-14,0
SUB-SGW-405,Jessup Hill 69/12kV,Northfield,38.6407,-121.4085,1988,10,ONAF,0.817,889,5,2022-01-20,1
SUB-SGW-406,Aldergrove Grove 115/12kV,Cedar Basin,38.5977,-121.2516,1979,25,ONAN,0.744,2781,5,2023-05-28,1
SUB-SGW-407,Thornton Quay 138/13kV,Ridgeline,38.3364,-121.5643,1993,50,ONAN,0.84,4017,2,2024-08-12,1
SUB-SGW-408,Kelvedon Vale 230/34kV,Junction West,38.5473,-121.7218,1974,100,ONAF,0.863,7270,5,2023-03-06,2
SUB-SGW-409,Westmarch Water 138/13kV,Northfield,38.5747,-121.5061,1982,50,ONAN,0.694,3143,2,2023-03-10,1
SUB-SGW-410,Halloway Crossing 69/12kV,Cedar Basin,38.5061,-121.1319,1989,10,ONAN,0.562,537,2,2024-11-05,1
SUB-SGW-411,Marlow Quay 69/12kV,Ridgeline,38.3189,-121.4709,1984,10,ONAN,0.875,1876,3,2022-01-07,2
SUB-SGW-412,Langmere Hollow 115/12kV,Junction West,38.6078,-121.8709,1979,25,OFAF,0.591,2747,2,2024-11-22,0
SUB-SGW-413,Underhill Yard 230/34kV,Northfield,38.6263,-121.48,1996,100,ONAF,0.691,5732,3,2023-01-18,1
SUB-SGW-414,Langmere Water 138/13kV,Cedar Basin,38.5497,-121.2414,1998,50,ONAF,0.831,3691,1,2021-12-09,0
SUB-SGW-415,Tilbrook Hollow 69/12kV,Ridgeline,38.265,-121.6569,1990,10,ONAF,0.745,550,4,2021-10-28,1
SUB-SGW-416,Meadow Hollow 230/34kV,Junction West,38.6165,-121.6004,2002,100,ONAF,0.679,9430,4,2023-10-27,1
SUB-SGW-417,Fernbank Quay 69/12kV,Northfield,38.6221,-121.3323,2002,10,OFAF,0.626,1096,3,2022-07-27,2
SUB-SGW-418,Vernham Hill 69/12kV,Cedar Basin,38.3826,-121.109,1984,10,OFAF,0.614,982,2,2024-01-04,1
SUB-SGW-419,Kelvedon Point 115/12kV,Ridgeline,38.3053,-121.6401,1991,25,ONAF,0.791,4216,5,2023-07-15,0
SUB-SGW-420,Aldergrove Springs 69/12kV,Junction West,38.5319,-121.8045,1979,10,ONAF,0.693,766,1,2023-12-16,0
SUB-SGW-421,Glenmoor Water 115/12kV,Northfield,38.713,-121.604,1983,25,ONAN,0.745,3415,3,2024-10-11,0
SUB-SGW-422,Pinecrest Yard 115/12kV,Cedar Basin,38.5664,-121.1871,1996,25,OFAF,0.715,1676,3,2024-01-14,1
SUB-SGW-423,Pinecrest Bend 230/34kV,Ridgeline,38.2128,-121.491,1983,100,OFAF,0.772,10361,4,2025-08-15,1
SUB-SGW-424,Vernham Works 138/13kV,Junction West,38.6176,-121.944,2003,50,OFAF,0.73,3584,2,2022-06-02,0
SUB-SGW-425,Tilbrook Gate 69/12kV,Northfield,38.5796,-121.4459,1989,10,OFAF,0.597,773,1,2024-04-18,2
SUB-SGW-426,Redwater Bend 69/12kV,Cedar Basin,38.483,-121.2727,1989,10,ONAF,0.567,673,2,2023-06-15,0
SUB-SGW-427,Cedar Gate 69/12kV,Ridgeline,38.4103,-121.6944,2006,10,ONAF,0.9,691,2,2024-12-21,1
SUB-SGW-428,Briarcliff Common 69/12kV,Junction West,38.6795,-121.8599,1982,10,OFAF,0.682,769,4,2022-11-03,2
SUB-SGW-429,Tilbrook Heights 230/34kV,Northfield,38.8246,-121.3661,1983,100,ONAN,0.551,12278,1,2025-02-09,0
SUB-SGW-430,Glenmoor Works 115/12kV,Cedar Basin,38.4088,-121.2095,1988,25,ONAF,0.81,1755,5,2021-10-12,1
SUB-SGW-431,Kingsley Moor 138/13kV,Ridgeline,38.3397,-121.4882,1978,50,ONAN,0.62,3231,4,2023-02-17,0
SUB-SGW-432,Pinecrest Ferry 69/12kV,Junction West,38.5649,-121.7834,1969,10,ONAN,0.82,914,3,2021-10-22,0
SUB-SGW-433,Quarrydale Bend 230/34kV,Northfield,38.5293,-121.3598,1972,100,ONAF,0.599,8296,5,2023-11-20,3
SUB-SGW-434,Oakhurst Dale 115/12kV,Cedar Basin,38.5863,-121.2717,1998,25,ONAF,0.618,2659,2,2021-09-21,0
SUB-SGW-435,Halloway Mill 69/12kV,Ridgeline,38.2739,-121.7093,2007,10,OFAF,0.914,1452,1,2022-09-19,0
SUB-SGW-436,Marlow Park 115/12kV,Junction West,38.6968,-121.5819,1986,25,ONAF,0.59,2748,2,2024-05-07,0
SUB-SGW-437,Fernbank Point 115/12kV,Northfield,38.6465,-121.3599,1987,25,OFAF,0.916,2193,1,2025-06-24,0
SUB-SGW-438,Vernham Reach 115/12kV,Cedar Basin,38.6582,-121.1573,1996,25,ONAF,0.605,2308,1,2022-10-13,0
SUB-SGW-439,Ivybridge Lock 115/12kV,Ridgeline,38.3325,-121.6259,1983,25,ONAN,0.879,1397,4,2022-03-31,1
SUB-SGW-440,Quarrydale Junction 69/12kV,Junction West,38.477,-121.8386,2000,10,ONAF,0.628,923,5,2023-05-06,1
SUB-SGW-441,Wexford Ridge 69/12kV,Northfield,38.8171,-121.5914,2004,10,OFAF,0.746,400,1,2024-08-31,4
SUB-SGW-442,Jessup Water 138/13kV,Cedar Basin,38.4517,-121.1655,1991,50,ONAN,0.944,5798,1,2022-09-21,0
SUB-SGW-443,Yarrow Ferry 69/12kV,Ridgeline,38.2771,-121.75,1977,10,ONAN,0.729,978,3,2023-04-07,2
SUB-SGW-444,Granite Creek 115/12kV,Junction West,38.7904,-121.6646,2015,25,ONAF,0.84,4729,2,2024-06-03,0
SUB-SGW-445,Aldergrove Water 69/12kV,Northfield,38.7406,-121.3845,1993,10,ONAN,0.689,2625,1,2021-11-05,1
SUB-SGW-446,Westmarch Ridge 115/12kV,Cedar Basin,38.6371,-121.1257,1973,25,ONAF,0.896,2579,3,2025-07-19,0
SUB-SGW-447,Halloway Moor 69/12kV,Ridgeline,38.2331,-121.7286,1979,10,ONAF,0.847,778,5,2024-09-05,0
SUB-SGW-448,Eastvale Moor 69/12kV,Junction West,38.5506,-121.8293,1985,10,ONAN,0.686,1050,4,2024-05-13,0
SUB-SGW-449,Briarcliff Yard 230/34kV,Northfield,38.542,-121.3182,1992,100,ONAF,0.632,11355,1,2024-03-08,3
SUB-SGW-450,Kingsley Dale 230/34kV,Cedar Basin,38.694,-121.2663,2007,100,ONAF,0.581,5280,3,2024-05-19,0
SUB-SGW-451,Wexford Landing 230/34kV,Ridgeline,38.411,-121.506,2004,100,ONAN,0.608,12382,3,2024-09-28,1
SUB-SGW-452,Fairmount Vale 115/12kV,Junction West,38.7284,-121.6361,1994,25,OFAF,0.638,1692,2,2024-07-02,2
SUB-SGW-453,Bellview Heights 69/12kV,Northfield,38.7647,-121.3922,1999,10,ONAF,0.705,1104,1,2024-11-24,2
SUB-SGW-454,Cedar Park 115/12kV,Cedar Basin,38.5631,-121.2695,1984,25,ONAN,0.704,3390,4,2024-03-12,0
SUB-SGW-455,Camden Crossing 115/12kV,Ridgeline,38.2505,-121.4983,1997,25,ONAN,0.86,1348,1,2025-01-19,0
SUB-SGW-456,Thornton Junction 69/12kV,Junction West,38.5192,-121.7595,1997,10,ONAN,0.704,1709,1,2024-05-10,1
SUB-SGW-457,Fairmount Grove 69/12kV,Northfield,38.6471,-121.3511,2008,10,ONAF,0.693,1057,5,2021-12-31,0
SUB-SGW-458,Penrose Yard 138/13kV,Cedar Basin,38.4216,-121.303,1987,50,OFAF,0.612,7380,1,2024-08-17,0
SUB-SGW-459,Fernbank Park 138/13kV,Ridgeline,38.3628,-121.5175,2001,50,ONAN,0.765,7326,5,2024-07-24,0
SUB-SGW-460,Granite Yard 69/12kV,Junction West,38.6474,-121.7397,1991,10,ONAN,0.808,1867,1,2022-02-11,0
SUB-SGW-461,Stonebridge Point 69/12kV,Northfield,38.8003,-121.4117,1995,10,OFAF,0.868,634,1,2025-07-11,0
SUB-SGW-462,Northcott Ridge 115/12kV,Cedar Basin,38.4032,-121.0809,1977,25,ONAF,0.601,2236,1,2023-02-10,0
SUB-SGW-463,Willow Gate 115/12kV,Ridgeline,38.4181,-121.7542,1991,25,OFAF,0.915,1721,1,2025-05-03,1
SUB-SGW-464,Ashford Moor 115/12kV,Junction West,38.7795,-121.8395,1998,25,OFAF,0.65,2053,4,2022-01-11,1
SUB-SGW-465,Harrowgate Reach 69/12kV,Northfield,38.8008,-121.4412,1982,10,OFAF,0.695,739,3,2023-02-25,0
SUB-SGW-466,Bellview Mill 115/12kV,Cedar Basin,38.4498,-121.1759,1999,25,ONAN,0.594,3531,1,2023-11-16,1
SUB-SGW-467,Pinecrest Gate 69/12kV,Ridgeline,38.1943,-121.6546,1979,10,ONAN,0.916,1613,3,2023-02-28,0
SUB-SGW-468,Underhill Bend 69/12kV,Junction West,38.707,-121.8181,2010,10,ONAN,0.886,1388,2,2022-10-10,1
SUB-SGW-469,Eastvale Vale 138/13kV,Northfield,38.7655,-121.3701,1985,50,ONAF,0.77,4649,5,2025-04-28,0
SUB-SGW-470,Harrowgate Park 230/34kV,Cedar Basin,38.4867,-121.319,1993,100,ONAN,0.62,11398,3,2025-02-25,2
SUB-SGW-471,Rushmere Hollow 115/12kV,Ridgeline,38.5459,-121.7157,1995,25,ONAN,0.923,2381,5,2024-08-27,0
SUB-SGW-472,Harrowgate Bluff 138/13kV,Junction West,38.6291,-121.7465,1979,50,ONAF,0.895,3742,5,2023-06-02,0
SUB-SGW-473,Tilbrook Moor 69/12kV,Northfield,38.7169,-121.3234,2013,10,ONAN,0.68,718,5,2024-10-07,3
SUB-SGW-474,Cedar Reach 69/12kV,Cedar Basin,38.5909,-121.1598,1989,10,ONAN,0.778,1437,3,2024-01-18,2
SUB-SGW-475,Bellview Hollow 115/12kV,Ridgeline,38.3133,-121.623,1988,25,ONAF,0.773,2619,1,2024-01-18,0
SUB-SGW-476,Vernham Vale 115/12kV,Junction West,38.5113,-121.7296,1987,25,ONAF,0.801,2872,1,2023-04-11,0
SUB-SGW-477,Marlow Hollow 115/12kV,Northfield,38.6313,-121.505,2002,25,ONAF,0.796,4486,1,2021-10-10,0
SUB-SGW-478,Sandbourne Mill 138/13kV,Cedar Basin,38.5631,-121.1449,1997,50,ONAN,0.718,5203,1,2025-05-14,0
SUB-SGW-479,Penrose Quay 69/12kV,Ridgeline,38.2938,-121.6903,1995,10,ONAN,0.869,944,4,2025-04-05,1
SUB-SGW-480,Kingsley Water 138/13kV,Junction West,38.5633,-121.8263,1982,50,OFAF,0.728,2682,1,2022-05-25,1
SUB-SGW-481,Willow Terrace 69/12kV,Northfield,38.7056,-121.5669,1981,10,ONAF,0.556,693,4,2022-07-07,1
SUB-SGW-482,Mossvale Grove 69/12kV,Cedar Basin,38.5421,-121.3139,1996,10,ONAF,0.898,906,5,2023-04-19,0
SUB-SGW-483,Granite Green 115/12kV,Ridgeline,38.2316,-121.5859,1990,25,ONAN,0.897,2618,1,2023-05-16,0
SUB-SGW-484,Mossvale Hill 69/12kV,Junction West,38.6504,-121.847,1992,10,ONAF,0.907,1183,1,2022-05-14,1
SUB-SGW-485,Quarrydale Hill 115/12kV,Northfield,38.7603,-121.5592,2003,25,ONAN,0.879,4061,1,2024-12-28,0
SUB-SGW-486,Halloway Reach 69/12kV,Cedar Basin,38.4791,-121.3507,1998,10,ONAN,0.796,985,3,2025-05-02,1
SUB-SGW-487,Yarrow Mill 230/34kV,Ridgeline,38.3841,-121.4448,1995,100,ONAN,0.59,13176,1,2024-02-01,1
SUB-SGW-488,Westmarch Springs 69/12kV,Junction West,38.6153,-121.7059,2005,10,OFAF,0.669,650,5,2022-08-06,0
SUB-SGW-489,Draycott Bluff 230/34kV,Northfield,38.8721,-121.3192,1995,100,ONAF,0.916,10178,1,2022-09-10,0
SUB-SGW-490,Halloway Hill 138/13kV,Cedar Basin,38.5523,-121.1271,1994,50,ONAN,0.932,4766,5,2024-06-18,2
SUB-SGW-491,Oakhurst Yard 115/12kV,Ridgeline,38.5681,-121.5629,1998,25,ONAF,0.646,2325,1,2024-11-28,0
SUB-SGW-492,Harrowgate Junction 69/12kV,Junction West,38.7726,-121.9696,2006,10,ONAN,0.849,400,3,2022-12-15,2
SUB-SGW-493,Sandbourne Bend 115/12kV,Northfield,38.6829,-121.6075,1981,25,ONAN,0.948,2612,4,2022-12-06,2
SUB-SGW-494,Draycott Lock 69/12kV,Cedar Basin,38.3813,-121.1401,1997,10,OFAF,0.826,934,5,2021-10-22,0
SUB-SGW-495,Aldergrove Ridge 69/12kV,Ridgeline,38.3741,-121.558,1999,10,ONAN,0.716,922,3,2023-01-19,2
SUB-SGW-496,Yarrow Springs 115/12kV,Junction West,38.6348,-121.7875,1997,25,ONAF,0.58,2761,5,2022-08-09,2
SUB-SGW-497,Zeller Mill 138/13kV,Northfield,38.6858,-121.5188,1984,50,OFAF,0.838,3819,2,2024-05-10,0
SUB-SGW-498,Wexford Mill 115/12kV,Cedar Basin,38.4783,-121.2342,1979,25,ONAF,0.669,1680,2,2022-10-12,0
SUB-SGW-499,Sandbourne Moor 138/13kV,Ridgeline,38.3149,-121.477,1991,50,ONAN,0.701,3713,5,2022-01-21,0
SUB-SGW-500,Zeller Yard 69/12kV,Junction West,38.5283,-121.712,1991,10,ONAN,0.864,1069,5,2025-04-09,2
SUB-SGW-501,Willow Creek 69/12kV,Northfield,38.7337,-121.3682,1974,10,ONAN,0.791,1322,3,2022-04-30,0
SUB-SGW-502,Sandbourne Point 138/13kV,Cedar Basin,38.3898,-121.4042,1997,50,ONAN,0.628,3803,2,2023-05-17,1
SUB-SGW-503,Redwater Springs 69/12kV,Ridgeline,38.4421,-121.5111,1979,10,ONAF,0.662,1159,3,2025-03-31,0
SUB-SGW-504,Pinecrest Creek 69/12kV,Junction West,38.5338,-121.8017,1999,10,ONAN,0.887,486,3,2024-04-06,0
SUB-SGW-505,Langmere Dale 230/34kV,Northfield,38.7031,-121.411,1992,100,ONAN,0.886,10001,5,2023-07-20,1
SUB-SGW-506,Willow Moor 138/13kV,Cedar Basin,38.6587,-121.2194,1972,50,ONAF,0.799,4818,4,2022-07-26,0
SUB-SGW-507,Thornton Moor 69/12kV,Ridgeline,38.3505,-121.5646,2010,10,ONAF,0.869,2236,3,2023-06-25,2
SUB-SGW-508,Meadow Point 115/12kV,Junction West,38.5179,-121.8555,1970,25,OFAF,0.877,4272,2,2022-05-28,1
SUB-SGW-509,Oakhurst Point 230/34kV,Northfield,38.6976,-121.4215,1982,100,ONAN,0.708,10553,2,2023-04-21,2
SUB-SGW-510,Rushmere Mill 115/12kV,Cedar Basin,38.4965,-121.2606,1979,25,ONAF,0.697,2015,1,2022-02-15,1
SUB-SGW-511,Camden Bluff 115/12kV,Ridgeline,38.3158,-121.5405,1988,25,ONAN,0.817,1990,3,2023-08-01,0
SUB-SGW-512,Yarrow Junction 69/12kV,Junction West,38.6869,-121.5624,1979,10,ONAF,0.665,474,2,2025-01-21,2
SUB-SGW-513,Penrose Gate 69/12kV,Northfield,38.6506,-121.4431,1990,10,ONAN,0.614,460,5,2024-12-22,1
SUB-SGW-514,Aldergrove Siding 115/12kV,Cedar Basin,38.6401,-121.1587,2001,25,ONAN,0.93,2972,4,2023-03-13,1
SUB-SGW-515,Kelvedon Crossing 138/13kV,Ridgeline,38.3381,-121.4777,2011,50,OFAF,0.894,4178,3,2021-10-12,1
SUB-SGW-516,Fernbank Lock 69/12kV,Junction West,38.4516,-121.8159,1991,10,OFAF,0.863,1089,1,2023-08-27,3
SUB-SGW-517,Langmere Gate 138/13kV,Northfield,38.6618,-121.3247,1978,50,OFAF,0.942,6785,1,2021-09-24,1
SUB-SGW-518,Northcott Bend 230/34kV,Cedar Basin,38.6877,-121.1293,2002,100,ONAN,0.697,15846,1,2022-07-16,1
SUB-SGW-519,Pinecrest Siding 69/12kV,Ridgeline,38.3918,-121.4293,2015,10,ONAF,0.731,928,5,2023-11-06,0
SUB-SGW-520,Redwater Park 138/13kV,Junction West,38.6122,-121.6354,2016,50,ONAN,0.751,3790,2,2023-10-30,0
SUB-SGW-521,Eastvale Grove 115/12kV,Northfield,38.7717,-121.4538,2002,25,ONAF,0.873,4061,1,2024-08-21,2
SUB-SGW-522,Westmarch Siding 69/12kV,Cedar Basin,38.4016,-121.3234,1986,10,ONAN,0.605,1672,5,2021-11-15,1
SUB-SGW-523,Aldergrove Mill 69/12kV,Ridgeline,38.3382,-121.7226,1980,10,ONAN,0.892,722,3,2025-03-14,0
SUB-SGW-524,Ashford Vale 69/12kV,Junction West,38.6597,-122.0401,1991,10,ONAN,0.689,483,1,2021-12-04,1
SUB-SGW-525,Yarrow Moor 69/12kV,Northfield,38.5573,-121.4016,1993,10,ONAF,0.606,415,5,2024-12-26,1
SUB-SGW-526,Quarrydale Ferry 138/13kV,Cedar Basin,38.6535,-121.2161,2002,50,ONAN,0.79,3986,5,2022-02-28,0
SUB-SGW-527,Bellview Junction 115/12kV,Ridgeline,38.3559,-121.598,1983,25,ONAN,0.895,3924,3,2023-06-17,0
SUB-SGW-528,Quarrydale Water 69/12kV,Junction West,38.5325,-121.6551,1985,10,ONAN,0.552,757,2,2024-12-26,1
SUB-SGW-529,Bellview Gate 69/12kV,Northfield,38.6754,-121.6311,1994,10,OFAF,0.626,777,2,2024-07-08,0
SUB-SGW-530,Oakhurst Moor 115/12kV,Cedar Basin,38.5283,-121.3344,1980,25,ONAF,0.859,2487,1,2022-07-26,0
SUB-SGW-531,Fairmount Siding 230/34kV,Ridgeline,38.212,-121.597,1997,100,ONAF,0.589,11134,4,2024-07-14,1
SUB-SGW-532,Vernham Park 69/12kV,Junction West,38.464,-121.6942,2008,10,OFAF,0.811,653,3,2025-09-01,1
SUB-SGW-533,Meadow Crossing 115/12kV,Northfield,38.728,-121.4979,1996,25,ONAF,0.946,1440,3,2024-02-10,1
SUB-SGW-534,Briarcliff Works 115/12kV,Cedar Basin,38.4827,-121.1611,1987,25,ONAN,0.841,2069,3,2021-10-19,1
SUB-SGW-535,Marlow Springs 138/13kV,Ridgeline,38.4189,-121.628,1993,50,ONAN,0.716,6036,1,2024-10-30,1
SUB-SGW-536,Stonebridge Springs 115/12kV,Junction West,38.6559,-121.732,2014,25,ONAN,0.821,2223,3,2024-01-02,0
SUB-SGW-537,Sandbourne Landing 69/12kV,Northfield,38.7649,-121.2921,1973,10,ONAN,0.763,678,1,2023-08-12,1
SUB-SGW-538,Underhill Green 115/12kV,Cedar Basin,38.5361,-121.2028,1987,25,ONAN,0.744,1442,3,2024-08-03,0
SUB-SGW-539,Kelvedon Yard 115/12kV,Ridgeline,38.3726,-121.6791,1987,25,ONAN,0.58,1730,3,2021-11-09,0
SUB-SGW-540,Quarrydale Quay 138/13kV,Junction West,38.484,-121.8202,2002,50,ONAF,0.617,3618,4,2021-10-31,0
SUB-SGW-541,Sandbourne Ridge 230/34kV,Northfield,38.6908,-121.5038,2011,100,ONAF,0.693,13048,2,2024-09-26,3
SUB-SGW-542,Draycott Heights 115/12kV,Cedar Basin,38.5231,-121.2731,1982,25,ONAF,0.885,2089,1,2023-11-23,0
SUB-SGW-543,Northcott Quay 138/13kV,Ridgeline,38.4302,-121.495,1973,50,ONAN,0.564,3947,3,2022-06-08,1
SUB-SGW-544,Redwater Point 138/13kV,Junction West,38.5872,-121.7747,1998,50,ONAN,0.885,5309,4,2024-02-17,1
SUB-SGW-545,Eastvale Lock 230/34kV,Northfield,38.8707,-121.408,1985,100,OFAF,0.603,8770,4,2023-09-10,2
SUB-SGW-546,Underhill Siding 69/12kV,Cedar Basin,38.4831,-121.2677,2011,10,ONAF,0.586,1443,3,2021-12-12,2
SUB-SGW-547,Westmarch Quay 138/13kV,Ridgeline,38.3658,-121.6373,1979,50,ONAF,0.763,3202,5,2025-07-11,1
SUB-SGW-548,Aldergrove Bend 138/13kV,Junction West,38.7194,-121.9562,1982,50,ONAN,0.889,4493,5,2022-09-30,1
SUB-SGW-549,Thornton Common 69/12kV,Northfield,38.4853,-121.5376,1987,10,ONAN,0.721,703,3,2024-08-14,0
SUB-SGW-550,Quarrydale Park 69/12kV,Cedar Basin,38.5159,-121.0557,1996,10,ONAN,0.805,553,5,2021-09-17,2
SUB-SGW-551,Sandbourne Terrace 138/13kV,Ridgeline,38.4164,-121.5301,1999,50,ONAF,0.681,3921,4,2025-04-13,2
SUB-SGW-552,Willow Water 115/12kV,Junction West,38.4532,-121.663,1993,25,ONAF,0.632,2149,1,2023-12-19,1
SUB-SGW-553,Oakhurst Bluff 230/34kV,Northfield,38.7388,-121.3715,1974,100,ONAN,0.9,14066,4,2024-05-27,0
SUB-SGW-554,Bellview Quay 115/12kV,Cedar Basin,38.5118,-121.1417,1996,25,OFAF,0.66,3867,4,2024-03-25,0
SUB-SGW-555,Draycott Springs 230/34kV,Ridgeline,38.4178,-121.589,1981,100,ONAF,0.854,8802,4,2023-06-30,1
SUB-SGW-556,Mossvale Point 115/12kV,Junction West,38.597,-121.8336,2001,25,ONAN,0.84,1910,2,2024-06-07,1
SUB-SGW-557,Harrowgate Dale 138/13kV,Northfield,38.7847,-121.3493,1981,50,ONAF,0.613,5005,4,2024-02-10,1
SUB-SGW-558,Yarrow Grove 230/34kV,Cedar Basin,38.5529,-121.239,1995,100,ONAN,0.559,6520,3,2023-03-18,0
SUB-SGW-559,Cedar Heights 115/12kV,Ridgeline,38.3736,-121.7626,1988,25,OFAF,0.79,2237,3,2021-12-27,0
SUB-SGW-560,Fairmount Dale 115/12kV,Junction West,38.406,-121.7393,1984,25,OFAF,0.875,4090,3,2024-09-17,0
SUB-SGW-561,Halloway Hollow 69/12kV,Northfield,38.7267,-121.5172,1995,10,ONAN,0.746,1416,4,2025-08-27,0
SUB-SGW-562,Langmere Green 138/13kV,Cedar Basin,38.5201,-121.1218,1998,50,ONAN,0.846,2389,4,2025-04-18,1
SUB-SGW-563,Halloway Grove 115/12kV,Ridgeline,38.3088,-121.4662,2003,25,OFAF,0.777,4792,5,2022-07-24,0
SUB-SGW-564,Aldergrove Junction 69/12kV,Junction West,38.7754,-121.7956,1999,10,ONAF,0.897,1115,2,2023-10-04,3
SUB-SGW-565,Underhill Bluff 138/13kV,Northfield,38.6808,-121.3486,1972,50,ONAN,0.889,11286,2,2024-03-28,0
SUB-SGW-566,Sandbourne Green 115/12kV,Cedar Basin,38.5441,-121.3326,1988,25,ONAF,0.901,1304,3,2024-10-03,1
SUB-SGW-567,Camden Green 230/34kV,Ridgeline,38.3719,-121.6011,1974,100,ONAN,0.851,6516,3,2022-02-20,0
SUB-SGW-568,Glenmoor Junction 115/12kV,Junction West,38.583,-121.7174,1997,25,ONAF,0.568,1877,2,2022-09-01,0
SUB-SGW-569,Ivybridge Bluff 115/12kV,Northfield,38.7231,-121.4871,2018,25,ONAN,0.947,2597,1,2024-08-10,1
SUB-SGW-570,Westmarch Crossing 115/12kV,Cedar Basin,38.5214,-121.2695,1980,25,OFAF,0.649,4830,3,2021-11-29,2
SUB-SGW-571,Briarcliff Moor 138/13kV,Ridgeline,38.3861,-121.3933,1973,50,ONAN,0.886,5934,4,2025-07-09,0
SUB-SGW-572,Rushmere Vale 69/12kV,Junction West,38.5991,-121.6177,1986,10,ONAF,0.691,563,1,2022-11-23,0
SUB-SGW-573,Fairmount Bend 230/34kV,Northfield,38.7222,-121.5643,1987,100,OFAF,0.83,13443,3,2022-10-27,1
SUB-SGW-574,Marlow Terrace 138/13kV,Cedar Basin,38.4198,-121.2383,1987,50,OFAF,0.791,8511,4,2021-12-08,1
SUB-SGW-575,Fernbank Ridge 115/12kV,Ridgeline,38.0995,-121.5616,1982,25,ONAN,0.827,2271,5,2025-07-26,0
SUB-SGW-576,Rushmere Water 138/13kV,Junction West,38.5764,-121.8714,2018,50,ONAN,0.557,2587,2,2022-07-27,0
SUB-SGW-577,Kelvedon Heights 69/12kV,Northfield,38.7905,-121.3122,1979,10,ONAN,0.554,1260,1,2025-05-18,1
SUB-SGW-578,Halloway Gate 115/12kV,Cedar Basin,38.4692,-121.0783,1977,25,ONAN,0.657,4057,1,2022-10-20,1
SUB-SGW-579,Briarcliff Ferry 69/12kV,Ridgeline,38.3062,-121.4987,1987,10,ONAN,0.83,962,5,2024-11-21,1
SUB-SGW-580,Harrowgate Works 230/34kV,Junction West,38.8334,-121.6588,1991,100,ONAF,0.704,11642,2,2023-11-20,0
SUB-SGW-581,Pinecrest Hill 138/13kV,Northfield,38.5305,-121.489,1981,50,ONAN,0.917,3389,4,2022-10-01,0
SUB-SGW-582,Pinecrest Reach 138/13kV,Cedar Basin,38.5038,-121.2125,2014,50,ONAF,0.934,5799,3,2023-09-07,1
SUB-SGW-583,Camden Point 115/12kV,Ridgeline,38.3363,-121.5019,2004,25,OFAF,0.741,2396,5,2022-05-23,0
SUB-SGW-584,Fairmount Lock 138/13kV,Junction West,38.6876,-121.8403,1985,50,ONAN,0.724,5997,3,2023-02-20,1
SUB-SGW-585,Jessup Quay 115/12kV,Northfield,38.589,-121.5433,1994,25,ONAN,0.927,2191,3,2023-09-20,2
SUB-SGW-586,Underhill Vale 115/12kV,Cedar Basin,38.5927,-121.1762,1975,25,ONAN,0.599,2475,5,2022-03-01,1
SUB-SGW-587,Fernbank Yard 69/12kV,Ridgeline,38.2346,-121.6827,1993,10,ONAN,0.763,553,1,2025-06-14,1
SUB-SGW-588,Draycott Ferry 69/12kV,Junction West,38.5973,-121.6381,2003,10,ONAF,0.886,790,4,2025-05-16,1
SUB-SGW-589,Redwater Dale 115/12kV,Northfield,38.7765,-121.4613,1986,25,ONAN,0.66,1827,1,2025-05-29,1
SUB-SGW-590,Camden Water 138/13kV,Cedar Basin,38.6153,-121.301,1990,50,ONAN,0.789,7153,4,2024-11-06,1
SUB-SGW-591,Northcott Moor 115/12kV,Ridgeline,38.3927,-121.7384,1985,25,ONAF,0.76,1959,1,2022-08-22,1
SUB-SGW-592,Meadow Heights 69/12kV,Junction West,38.676,-121.7643,1983,10,ONAF,0.904,875,5,2023-04-18,0
SUB-SGW-593,Meadow Yard 69/12kV,Northfield,38.6728,-121.4612,1974,10,ONAF,0.883,1407,5,2023-04-26,1
SUB-SGW-594,Langmere Works 115/12kV,Cedar Basin,38.389,-121.2231,1985,25,ONAN,0.708,2486,3,2022-02-13,1
SUB-SGW-595,Penrose Water 138/13kV,Ridgeline,38.3924,-121.5727,1986,50,ONAF,0.731,4704,4,2023-05-16,3
SUB-SGW-596,Tilbrook Bluff 115/12kV,Junction West,38.6459,-121.8126,1996,25,ONAN,0.772,1795,4,2025-02-12,0
SUB-SGW-597,Stonebridge Park 115/12kV,Northfield,38.7037,-121.4689,1994,25,ONAF,0.93,1440,2,2022-04-24,0
SUB-SGW-598,Ashford Common 138/13kV,Cedar Basin,38.4566,-121.2082,1980,50,ONAN,0.804,3772,2,2025-05-18,0
SUB-SGW-599,Northcott Crossing 69/12kV,Ridgeline,38.2416,-121.5419,2011,10,ONAF,0.773,779,5,2021-10-06,0
SUB-SGW-600,Westmarch Creek 230/34kV,Junction West,38.3564,-121.7988,1993,100,OFAF,0.71,18000,3,2022-09-10,0
SUB-SGW-601,Ashford Springs 69/12kV,Northfield,38.7663,-121.5465,1993,10,ONAF,0.686,668,5,2022-02-16,1
SUB-SGW-602,Langmere Creek 69/12kV,Cedar Basin,38.5622,-121.3467,1987,10,ONAF,0.713,1114,5,2024-02-18,0
SUB-SGW-603,Camden Vale 115/12kV,Ridgeline,38.5039,-121.6023,1982,25,OFAF,0.584,1572,2,2023-04-19,0
SUB-SGW-604,Jessup Siding 115/12kV,Junction West,38.5707,-121.7045,1985,25,ONAF,0.777,2078,1,2022-11-27,0
SUB-SGW-605,Meadow Siding 115/12kV,Northfield,38.6891,-121.3679,1982,25,ONAN,0.575,2299,1,2021-12-04,1
SUB-SGW-606,Westmarch Mill 138/13kV,Cedar Basin,38.5325,-121.3821,2008,50,ONAF,0.799,3079,3,2022-02-23,0
SUB-SGW-607,Pinecrest Bluff 69/12kV,Ridgeline,38.4399,-121.5992,1981,10,ONAF,0.929,1080,1,2025-04-13,0
SUB-SGW-608,Kelvedon Hill 115/12kV,Junction West,38.6609,-121.6293,1996,25,OFAF,0.945,1423,3,2025-05-27,0
SUB-SGW-609,Bellview Bluff 138/13kV,Northfield,38.7673,-121.4103,1992,50,ONAN,0.788,3503,4,2024-01-03,2
SUB-SGW-610,Jessup Dale 115/12kV,Cedar Basin,38.554,-121.2508,1985,25,OFAF,0.647,2837,2,2024-04-30,1
SUB-SGW-611,Kelvedon Ferry 138/13kV,Ridgeline,38.2831,-121.4115,1994,50,ONAN,0.833,7462,5,2025-08-12,1
SUB-SGW-612,Ivybridge Point 115/12kV,Junction West,38.6974,-121.8593,1986,25,OFAF,0.788,2096,4,2022-04-16,1
SUB-SGW-613,Oakhurst Ridge 138/13kV,Northfield,38.6205,-121.5986,1996,50,OFAF,0.693,7874,2,2024-08-18,0
SUB-SGW-614,Thornton Mill 115/12kV,Cedar Basin,38.5159,-121.0371,1986,25,ONAF,0.859,2604,3,2021-12-19,0
SUB-SGW-615,Camden Ferry 69/12kV,Ridgeline,38.395,-121.5196,2009,10,ONAF,0.832,1328,1,2022-05-28,2
SUB-SGW-616,Bellview Ferry 138/13kV,Junction West,38.6223,-121.786,1984,50,ONAN,0.601,4681,3,2024-12-03,0
SUB-SGW-617,Oakhurst Green 230/34kV,Northfield,38.8153,-121.4154,1990,100,OFAF,0.847,6470,5,2025-01-29,2
SUB-SGW-618,Camden Hill 115/12kV,Cedar Basin,38.546,-121.2087,2005,25,ONAF,0.579,3174,5,2022-05-08,1
SUB-SGW-619,Underhill Reach 138/13kV,Ridgeline,38.3105,-121.5231,1982,50,ONAF,0.945,5965,2,2023-08-29,1
SUB-SGW-620,Marlow Heights 115/12kV,Junction West,38.5984,-121.9063,1977,25,OFAF,0.55,2069,3,2024-08-09,0
SUB-SGW-621,Granite Ridge 69/12kV,Northfield,38.6035,-121.3008,1978,10,OFAF,0.921,1087,4,2023-09-10,1
SUB-SGW-622,Aldergrove Hill 69/12kV,Cedar Basin,38.5006,-121.1057,1982,10,ONAF,0.667,555,5,2021-10-07,1
SUB-SGW-623,Eastvale Landing 115/12kV,Ridgeline,38.1865,-121.6008,1987,25,ONAF,0.713,2300,2,2025-05-24,0
SUB-SGW-624,Willow Hollow 69/12kV,Junction West,38.6895,-121.8846,1983,10,OFAF,0.721,641,2,2024-02-28,2
SUB-SGW-625,Marlow Hill 115/12kV,Northfield,38.5886,-121.536,1990,25,ONAN,0.932,1509,3,2024-02-11,3
SUB-SGW-626,Granite Grove 138/13kV,Cedar Basin,38.4566,-121.1483,1998,50,ONAF,0.78,10389,2,2024-11-03,2
SUB-SGW-627,Glenmoor Park 69/12kV,Ridgeline,38.322,-121.4859,1988,10,ONAN,0.779,1503,2,2025-05-18,0
SUB-SGW-628,Granite Reach 69/12kV,Junction West,38.6732,-121.7796,1974,10,OFAF,0.784,988,3,2021-10-08,1
SUB-SGW-629,Stonebridge Gate 138/13kV,Northfield,38.5379,-121.4905,2005,50,ONAN,0.553,4455,4,2023-12-03,2
SUB-SGW-630,Ashford Crossing 230/34kV,Cedar Basin,38.5956,-121.1464,1984,100,ONAF,0.602,16737,5,2022-04-26,0
SUB-SGW-631,Ivybridge Hill 115/12kV,Ridgeline,38.4951,-121.5998,1995,25,ONAF,0.835,2151,2,2023-09-28,1
SUB-SGW-632,Langmere Lock 230/34kV,Junction West,38.7283,-121.8952,1997,100,ONAF,0.844,13459,4,2024-04-17,3
SUB-SGW-633,Thornton Ferry 230/34kV,Northfield,38.61,-121.5379,2010,100,ONAF,0.869,7563,1,2025-03-11,1
SUB-SGW-634,Draycott Hill 138/13kV,Cedar Basin,38.5131,-121.1473,1981,50,ONAF,0.81,5175,1,2023-11-02,0
SUB-SGW-635,Aldergrove Crossing 69/12kV,Ridgeline,38.2753,-121.5987,1978,10,ONAF,0.826,551,5,2021-10-09,0
SUB-SGW-636,Cedar Mill 69/12kV,Junction West,38.5454,-121.8261,1986,10,ONAF,0.658,865,2,2023-02-17,1
SUB-SGW-637,Briarcliff Heights 138/13kV,Northfield,38.8293,-121.494,2010,50,ONAN,0.688,4754,5,2024-01-30,0
SUB-SGW-638,Draycott Grove 230/34kV,Cedar Basin,38.5556,-121.2262,1992,100,ONAF,0.756,9856,3,2023-04-01,2
SUB-SGW-639,Northcott Springs 138/13kV,Ridgeline,38.3515,-121.4765,1975,50,ONAN,0.629,6755,4,2022-02-07,1
SUB-SGW-640,Quarrydale Hollow 138/13kV,Junction West,38.6467,-121.6315,1977,50,ONAN,0.639,5062,2,2024-09-29,0
SUB-SGW-641,Northcott Hill 115/12kV,Northfield,38.7224,-121.3445,1992,25,OFAF,0.778,1881,2,2021-11-15,0
SUB-SGW-642,Sandbourne Yard 138/13kV,Cedar Basin,38.5023,-121.1731,2001,50,ONAF,0.79,6382,5,2022-11-21,1
SUB-SGW-643,Meadow Water 230/34kV,Ridgeline,38.2579,-121.5497,1993,100,ONAF,0.57,11307,1,2023-04-01,2
SUB-SGW-644,Langmere Hill 69/12kV,Junction West,38.5962,-121.8842,1991,10,ONAN,0.894,736,2,2021-10-25,1
SUB-SGW-645,Fernbank Vale 69/12kV,Northfield,38.7542,-121.3285,1996,10,ONAF,0.837,905,2,2025-05-13,0
SUB-SGW-646,Stonebridge Siding 69/12kV,Cedar Basin,38.5624,-121.1595,1978,10,ONAF,0.625,1065,5,2024-12-25,0
SUB-SGW-647,Draycott Hollow 69/12kV,Ridgeline,38.237,-121.6124,2001,10,ONAN,0.913,883,4,2023-07-19,1
SUB-SGW-648,Stonebridge Terrace 138/13kV,Junction West,38.5279,-121.8594,2004,50,ONAF,0.601,5511,3,2024-04-30,0
SUB-SGW-649,Marlow Point 115/12kV,Northfield,38.6506,-121.4902,1983,25,OFAF,0.938,2033,4,2022-10-21,1
SUB-SGW-650,Underhill Lock 69/12kV,Cedar Basin,38.6548,-121.159,1973,10,OFAF,0.722,854,5,2021-10-28,0
SUB-SGW-651,Stonebridge Heights 115/12kV,Ridgeline,38.4165,-121.5609,1981,25,OFAF,0.807,2411,2,2023-12-19,1
SUB-SGW-652,Rushmere Gate 230/34kV,Junction West,38.6696,-121.7303,1990,100,ONAF,0.686,10354,5,2023-03-02,1
SUB-SGW-653,Quarrydale Crossing 69/12kV,Northfield,38.8447,-121.4,1973,10,ONAN,0.833,775,5,2023-05-26,0
SUB-SGW-654,Kelvedon Works 69/12kV,Cedar Basin,38.5284,-121.1557,1994,10,ONAN,0.587,788,4,2022-10-20,0
SUB-SGW-655,Mossvale Water 138/13kV,Ridgeline,38.2528,-121.6429,2006,50,OFAF,0.769,3160,2,2023-09-15,0
SUB-SGW-656,Kingsley Quay 69/12kV,Junction West,38.6484,-121.7834,2010,10,OFAF,0.575,1237,2,2024-01-25,0
SUB-SGW-657,Granite Landing 138/13kV,Northfield,38.6185,-121.424,1991,50,ONAN,0.636,4664,1,2023-10-12,3
SUB-SGW-658,Quarrydale Gate 115/12kV,Cedar Basin,38.5041,-121.1581,2018,25,ONAF,0.767,2402,3,2021-12-14,0
SUB-SGW-659,Pinecrest Junction 230/34kV,Ridgeline,38.3095,-121.4844,1991,100,ONAN,0.788,6627,2,2023-08-11,2
SUB-SGW-660,Bellview Hill 230/34kV,Junction West,38.5152,-121.7522,1988,100,ONAF,0.85,8313,1,2025-01-29,0
SUB-SGW-661,Briarcliff Mill 230/34kV,Northfield,38.6328,-121.4827,1979,100,ONAF,0.604,12634,5,2021-09-11,0
SUB-SGW-662,Jessup Bluff 115/12kV,Cedar Basin,38.4163,-121.2035,1976,25,OFAF,0.836,1788,2,2025-04-20,0
SUB-SGW-663,Quarrydale Mill 69/12kV,Ridgeline,38.2857,-121.5246,1994,10,ONAN,0.676,761,2,2024-03-20,0
SUB-SGW-664,Vernham Crossing 138/13kV,Junction West,38.5469,-121.5954,2010,50,ONAF,0.743,5403,4,2023-09-05,1
SUB-SGW-665,Jessup Bend 230/34kV,Northfield,38.769,-121.4757,2009,100,ONAF,0.621,9338,2,2022-12-19,1
SUB-SGW-666,Eastvale Point 115/12kV,Cedar Basin,38.5343,-121.2302,1986,25,OFAF,0.751,2635,3,2025-07-13,2
SUB-SGW-667,Mossvale Works 69/12kV,Ridgeline,38.3005,-121.5508,1999,10,OFAF,0.95,882,1,2022-04-26,1
SUB-SGW-668,Northcott Lock 230/34kV,Junction West,38.6159,-121.8335,1997,100,ONAF,0.843,16271,3,2022-10-21,0
SUB-SGW-669,Glenmoor Springs 115/12kV,Northfield,38.8518,-121.3653,1990,25,ONAF,0.791,938,5,2024-03-30,1
SUB-SGW-670,Pinecrest Terrace 138/13kV,Cedar Basin,38.4771,-121.0324,1996,50,ONAN,0.574,4705,5,2025-07-02,0
SUB-SGW-671,Thornton Grove 115/12kV,Ridgeline,38.4,-121.5977,1980,25,ONAN,0.619,1602,2,2025-03-11,0
SUB-SGW-672,Oakhurst Bend 69/12kV,Junction West,38.7234,-121.7994,1986,10,OFAF,0.602,1108,2,2024-08-30,0
SUB-SGW-673,Vernham Yard 230/34kV,Northfield,38.7804,-121.4907,1986,100,ONAF,0.572,8107,5,2024-09-05,0
SUB-SGW-674,Mossvale Gate 69/12kV,Cedar Basin,38.6314,-121.1517,2004,10,OFAF,0.67,788,2,2023-01-07,0
SUB-SGW-675,Stonebridge Vale 230/34kV,Ridgeline,38.1715,-121.7012,2005,100,ONAN,0.904,7135,2,2025-05-25,0
SUB-SGW-676,Zeller Bluff 138/13kV,Junction West,38.6627,-121.7717,2006,50,ONAN,0.553,6737,4,2025-03-27,2
SUB-SGW-677,Sandbourne Crossing 69/12kV,Northfield,38.8017,-121.5088,1985,10,ONAN,0.608,924,1,2023-05-30,2
SUB-SGW-678,Langmere Park 115/12kV,Cedar Basin,38.2608,-121.1883,2006,25,ONAN,0.831,1186,5,2025-08-09,0
SUB-SGW-679,Glenmoor Grove 115/12kV,Ridgeline,38.2723,-121.6064,2017,25,OFAF,0.861,1448,3,2025-07-20,0
SUB-SGW-680,Penrose Common 115/12kV,Junction West,38.6443,-121.8198,2005,25,ONAF,0.874,2472,4,2025-06-15,0
SUB-SGW-681,Jessup Point 138/13kV,Northfield,38.5232,-121.3429,1997,50,ONAN,0.717,5986,2,2023-07-02,0
SUB-SGW-682,Mossvale Springs 230/34kV,Cedar Basin,38.5001,-121.112,2005,100,OFAF,0.781,11055,5,2024-03-03,0
SUB-SGW-683,Rushmere Bend 69/12kV,Ridgeline,38.2005,-121.6094,1989,10,OFAF,0.681,624,3,2023-06-25,2
SUB-SGW-684,Fernbank Siding 69/12kV,Junction West,38.6108,-121.7499,1986,10,ONAN,0.636,1328,4,2021-10-22,3
SUB-SGW-685,Penrose Creek 115/12kV,Northfield,38.6279,-121.4237,1987,25,ONAF,0.859,3530,4,2022-01-28,0
SUB-SGW-686,Jessup Creek 138/13kV,Cedar Basin,38.5404,-121.1681,1989,50,ONAF,0.761,1600,1,2024-09-04,0
SUB-SGW-687,Northcott Yard 230/34kV,Ridgeline,38.2423,-121.4442,2006,100,OFAF,0.56,5915,5,2024-02-29,1
SUB-SGW-688,Rushmere Dale 138/13kV,Junction West,38.5451,-121.7693,1986,50,ONAN,0.649,3788,1,2025-07-06,1
SUB-SGW-689,Langmere Yard 138/13kV,Northfield,38.7342,-121.3536,1977,50,ONAF,0.721,3008,1,2021-11-08,1
SUB-SGW-690,Jessup Gate 115/12kV,Cedar Basin,38.5528,-121.2572,1986,25,ONAN,0.659,2624,3,2025-08-29,0
SUB-SGW-691,Thornton Dale 115/12kV,Ridgeline,38.2052,-121.4403,2001,25,ONAN,0.71,2058,3,2023-11-12,1
SUB-SGW-692,Langmere Landing 69/12kV,Junction West,38.5638,-121.8428,1983,10,ONAN,0.646,654,1,2024-03-24,1
SUB-SGW-693,Westmarch Bend 138/13kV,Northfield,38.7321,-121.3797,1987,50,OFAF,0.914,5065,3,2025-07-19,2
SUB-SGW-694,Wexford Reach 138/13kV,Cedar Basin,38.4782,-121.2543,1983,50,OFAF,0.72,3716,5,2023-11-30,1
SUB-SGW-695,Eastvale Green 69/12kV,Ridgeline,38.3808,-121.5813,1985,10,ONAN,0.804,1151,2,2022-05-03,0
SUB-SGW-696,Ashford Bluff 138/13kV,Junction West,38.66,-121.9508,1986,50,ONAN,0.931,6726,4,2021-12-04,1
SUB-SGW-697,Granite Dale 69/12kV,Northfield,38.7307,-121.4778,2004,10,ONAF,0.639,658,4,2023-08-03,0
SUB-SGW-698,Westmarch Moor 230/34kV,Cedar Basin,38.3766,-121.1334,1995,100,ONAF,0.621,12718,3,2022-12-20,0
SUB-SGW-699,Kingsley Green 138/13kV,Ridgeline,38.3327,-121.6165,1997,50,ONAN,0.872,8782,5,2022-02-20,0
SUB-SGW-700,Kingsley Mill 115/12kV,Junction West,38.7236,-121.7227,1981,25,ONAN,0.603,3077,4,2023-08-11,1
SUB-SGW-701,Bellview Landing 69/12kV,Northfield,38.6927,-121.3475,1991,10,ONAF,0.809,509,3,2025-08-26,1
SUB-SGW-702,Kingsley Terrace 69/12kV,Cedar Basin,38.5316,-121.2419,2014,10,ONAN,0.937,1159,4,2022-01-03,1
SUB-SGW-703,Langmere Junction 138/13kV,Ridgeline,38.1705,-121.8502,1992,50,ONAN,0.9,7441,2,2024-09-02,0
SUB-SGW-704,Quarrydale Moor 69/12kV,Junction West,38.603,-121.7692,1992,10,ONAN,0.831,624,2,2025-09-05,2
SUB-SGW-705,Tilbrook Springs 115/12kV,Northfield,38.9128,-121.4211,1983,25,ONAF,0.795,1803,1,2024-06-07,0
SUB-SGW-706,Pinecrest Dale 69/12kV,Cedar Basin,38.4916,-121.2664,1989,10,ONAF,0.828,2842,3,2022-09-12,0
SUB-SGW-707,Redwater Siding 69/12kV,Ridgeline,38.2033,-121.558,1983,10,ONAF,0.938,479,3,2023-11-07,1
SUB-SGW-708,Willow Reach 69/12kV,Junction West,38.6854,-121.8448,1984,10,ONAN,0.832,1192,1,2025-05-06,1
SUB-SGW-709,Willow Vale 230/34kV,Northfield,38.6831,-121.2819,1977,100,ONAN,0.933,8277,2,2022-01-21,0
SUB-SGW-710,Yarrow Gate 115/12kV,Cedar Basin,38.4449,-121.3141,1993,25,ONAF,0.882,3858,4,2024-02-15,1
SUB-SGW-711,Pinecrest Mill 230/34kV,Ridgeline,38.3111,-121.4344,1979,100,OFAF,0.57,11150,5,2023-12-18,1
SUB-SGW-712,Stonebridge Landing 138/13kV,Junction West,38.7356,-121.878,1986,50,ONAN,0.726,3295,3,2021-12-04,0
SUB-SGW-713,Tilbrook Landing 138/13kV,Northfield,38.7596,-121.6622,1984,50,ONAN,0.636,5611,1,2022-07-24,0
SUB-SGW-714,Tilbrook Park 69/12kV,Cedar Basin,38.6273,-121.1932,1993,10,ONAF,0.65,722,2,2022-10-11,1
SUB-SGW-715,Halloway Bluff 69/12kV,Ridgeline,38.352,-121.6658,2006,10,OFAF,0.821,761,4,2022-12-01,0
SUB-SGW-716,Tilbrook Quay 69/12kV,Junction West,38.5946,-121.6794,1977,10,ONAF,0.614,554,1,2022-11-12,1
SUB-SGW-717,Willow Bend 138/13kV,Northfield,38.7512,-121.4159,1976,50,ONAN,0.862,3153,4,2024-02-26,4
SUB-SGW-718,Yarrow Dale 115/12kV,Cedar Basin,38.4955,-121.2466,2005,25,OFAF,0.929,1961,5,2024-02-05,2
SUB-SGW-719,Pinecrest Point 230/34kV,Ridgeline,38.4273,-121.5932,1977,100,ONAF,0.643,6786,1,2023-08-07,3
SUB-SGW-720,Wexford Common 69/12kV,Junction West,38.6643,-121.8466,1999,10,ONAF,0.936,663,3,2024-01-17,2
SUB-SGW-721,Westmarch Green 69/12kV,Northfield,38.6244,-121.4407,1982,10,ONAN,0.655,970,4,2024-12-23,1
SUB-SGW-722,Harrowgate Point 69/12kV,Cedar Basin,38.6173,-121.3168,1989,10,ONAF,0.696,1015,4,2022-02-08,1
SUB-SGW-723,Willow Dale 69/12kV,Ridgeline,38.4226,-121.4904,2003,10,ONAN,0.714,860,3,2025-07-06,1
SUB-SGW-724,Harrowgate Ridge 230/34kV,Junction West,38.565,-121.8568,1981,100,ONAN,0.851,18000,5,2024-10-03,3
SUB-SGW-725,Bellview Works 115/12kV,Northfield,38.7051,-121.5108,1984,25,ONAF,0.852,1496,5,2023-06-04,1
SUB-SGW-726,Bellview Grove 69/12kV,Cedar Basin,38.473,-121.1633,1987,10,ONAN,0.73,917,5,2024-08-22,2
SUB-SGW-727,Granite Mill 69/12kV,Ridgeline,38.2154,-121.7044,2012,10,ONAF,0.6,548,2,2023-04-12,2
SUB-SGW-728,Westmarch Terrace 115/12kV,Junction West,38.5806,-121.6065,1977,25,ONAN,0.894,1447,1,2022-09-26,0
SUB-SGW-729,Wexford Vale 115/12kV,Northfield,38.593,-121.5416,1988,25,ONAF,0.83,2981,1,2022-07-17,0
SUB-SGW-730,Yarrow Vale 69/12kV,Cedar Basin,38.4495,-121.1994,2002,10,OFAF,0.841,626,4,2024-03-30,0
SUB-SGW-731,Camden Bend 230/34kV,Ridgeline,38.1962,-121.5787,1992,100,ONAF,0.834,5119,2,2024-09-27,0
SUB-SGW-732,Rushmere Junction 230/34kV,Junction West,38.6981,-121.856,1985,100,ONAF,0.911,12598,4,2022-07-31,2
SUB-SGW-733,Fernbank Common 115/12kV,Northfield,38.5899,-121.3861,1991,25,ONAN,0.663,2467,4,2023-12-11,0
SUB-SGW-734,Wexford Bend 138/13kV,Cedar Basin,38.4744,-121.36,1992,50,ONAF,0.758,4564,2,2021-10-06,2
SUB-SGW-735,Granite Siding 230/34kV,Ridgeline,38.2559,-121.5964,2004,100,ONAF,0.643,6276,2,2022-08-29,0
SUB-SGW-736,Penrose Vale 115/12kV,Junction West,38.7421,-121.8018,1995,25,OFAF,0.826,2094,5,2023-06-28,1
SUB-SGW-737,Kingsley Bluff 69/12kV,Northfield,38.7522,-121.4268,2005,10,ONAN,0.852,922,3,2024-09-24,1
SUB-SGW-738,Northcott Vale 115/12kV,Cedar Basin,38.4574,-121.2555,2007,25,OFAF,0.596,5828,4,2023-09-15,2
SUB-SGW-739,Ivybridge Creek 138/13kV,Ridgeline,38.3575,-121.7478,1981,50,ONAN,0.787,7039,2,2021-12-07,0
SUB-SGW-740,Glenmoor Vale 115/12kV,Junction West,38.4896,-121.8665,1986,25,OFAF,0.817,1270,4,2022-04-27,1
SUB-SGW-741,Draycott Junction 69/12kV,Northfield,38.6756,-121.5237,2002,10,ONAF,0.681,550,3,2025-03-13,1
SUB-SGW-742,Penrose Siding 69/12kV,Cedar Basin,38.5284,-121.1341,1996,10,ONAN,0.92,1023,5,2025-08-08,2
SUB-SGW-743,Sandbourne Creek 230/34kV,Ridgeline,38.293,-121.5472,1990,100,OFAF,0.696,11988,2,2022-09-10,1
SUB-SGW-744,Camden Lock 69/12kV,Junction West,38.5716,-121.7796,1975,10,ONAF,0.883,991,1,2025-07-17,1
SUB-SGW-745,Jessup Springs 138/13kV,Northfield,38.8349,-121.391,1982,50,OFAF,0.926,4922,3,2025-08-26,3
SUB-SGW-746,Ivybridge Bend 138/13kV,Cedar Basin,38.7026,-121.2882,1985,50,ONAN,0.699,2835,1,2024-02-23,0
SUB-SGW-747,Eastvale Heights 138/13kV,Ridgeline,38.2324,-121.5977,2007,50,ONAF,0.592,3253,3,2023-08-10,0
SUB-SGW-748,Zeller Ridge 115/12kV,Junction West,38.693,-121.7288,2006,25,ONAF,0.553,3518,2,2022-10-03,1
SUB-SGW-749,Northcott Creek 138/13kV,Northfield,38.8322,-121.4543,1983,50,ONAN,0.736,4574,2,2025-04-05,1
SUB-SGW-750,Kingsley Gate 138/13kV,Cedar Basin,38.5001,-121.1439,1994,50,ONAN,0.673,1967,5,2025-04-16,0
SUB-SGW-751,Kelvedon Terrace 115/12kV,Ridgeline,38.408,-121.5573,2007,25,ONAF,0.575,1558,2,2022-09-20,2
SUB-SGW-752,Oakhurst Crossing 138/13kV,Junction West,38.5265,-121.8089,1991,50,ONAN,0.784,6215,3,2022-08-10,0
SUB-SGW-753,Oakhurst Water 138/13kV,Northfield,38.8559,-121.3888,2001,50,ONAF,0.819,5828,3,2025-04-23,0
SUB-SGW-754,Langmere Reach 138/13kV,Cedar Basin,38.5499,-121.1529,1989,50,OFAF,0.903,4537,1,2022-09-21,1
SUB-SGW-755,Marlow Bluff 115/12kV,Ridgeline,38.3432,-121.5979,2000,25,OFAF,0.744,2149,1,2022-05-12,0
SUB-SGW-756,Zeller Point 115/12kV,Junction West,38.4979,-121.9126,2013,25,ONAF,0.77,3353,4,2024-06-19,0
SUB-SGW-757,Wexford Point 115/12kV,Northfield,38.6586,-121.4544,1993,25,ONAF,0.749,2725,4,2024-10-21,1
SUB-SGW-758,Briarcliff Point 115/12kV,Cedar Basin,38.6682,-121.3063,1980,25,ONAF,0.818,2201,5,2025-02-26,0
SUB-SGW-759,Quarrydale Green 115/12kV,Ridgeline,38.2832,-121.5653,1996,25,OFAF,0.868,1891,3,2025-09-04,1
SUB-SGW-760,Quarrydale Yard 115/12kV,Junction West,38.5683,-121.8911,2002,25,OFAF,0.822,1726,5,2021-10-15,1
SUB-SGW-761,Halloway Heights 138/13kV,Northfield,38.7568,-121.539,1983,50,ONAN,0.587,3235,5,2024-07-08,0
SUB-SGW-762,Briarcliff Junction 138/13kV,Cedar Basin,38.5915,-121.2479,1994,50,ONAN,0.936,3352,2,2025-02-06,1
SUB-SGW-763,Briarcliff Reach 69/12kV,Ridgeline,38.3253,-121.6067,2004,10,ONAF,0.925,1003,4,2022-04-09,0
SUB-SGW-764,Cedar Lock 138/13kV,Junction West,38.7325,-121.7763,1984,50,ONAF,0.822,3242,3,2023-10-29,0
SUB-SGW-765,Granite Works 138/13kV,Northfield,38.6597,-121.455,2008,50,ONAN,0.931,7273,1,2021-10-28,2
SUB-SGW-766,Vernham Moor 230/34kV,Cedar Basin,38.5327,-121.2141,1994,100,ONAN,0.751,10127,5,2024-04-10,1
SUB-SGW-767,Kelvedon Siding 115/12kV,Ridgeline,38.3813,-121.3322,2000,25,ONAF,0.73,2904,1,2022-07-10,0
SUB-SGW-768,Meadow Reach 138/13kV,Junction West,38.6363,-121.8093,1972,50,OFAF,0.927,5901,5,2023-05-25,0
SUB-SGW-769,Underhill Dale 138/13kV,Northfield,38.7622,-121.4573,1996,50,ONAF,0.761,6006,5,2023-07-14,0
SUB-SGW-770,Harrowgate Gate 230/34kV,Cedar Basin,38.4638,-121.2496,1991,100,ONAF,0.822,8968,1,2022-01-06,0
SUB-SGW-771,Halloway Works 115/12kV,Ridgeline,38.3965,-121.6256,1982,25,ONAF,0.934,2758,5,2023-08-20,0
SUB-SGW-772,Thornton Hill 115/12kV,Junction West,38.6432,-122.0091,2007,25,ONAN,0.937,1859,3,2021-09-12,0
SUB-SGW-773,Thornton Terrace 69/12kV,Northfield,38.769,-121.4597,2002,10,ONAN,0.629,1165,4,2024-09-13,2
SUB-SGW-774,Briarcliff Hollow 69/12kV,Cedar Basin,38.615,-121.2187,2009,10,ONAN,0.94,1437,2,2025-02-11,0
SUB-SGW-775,Langmere Springs 115/12kV,Ridgeline,38.4251,-121.7243,1998,25,ONAF,0.87,1873,4,2022-01-06,2
SUB-SGW-776,Willow Park 138/13kV,Junction West,38.7541,-121.9866,1997,50,OFAF,0.649,3528,5,2022-01-20,0
SUB-SGW-777,Tilbrook Terrace 115/12kV,Northfield,38.7414,-121.4411,2005,25,OFAF,0.871,3122,4,2022-05-20,0
SUB-SGW-778,Zeller Reach 230/34kV,Cedar Basin,38.6346,-121.2251,1990,100,ONAF,0.695,7800,2,2023-02-26,1
SUB-SGW-779,Marlow Siding 138/13kV,Ridgeline,38.2693,-121.5992,1985,50,ONAF,0.567,4447,3,2024-09-29,1
SUB-SGW-780,Halloway Lock 69/12kV,Junction West,38.4957,-121.7465,1999,10,ONAF,0.57,709,4,2022-05-15,0
SUB-SGW-781,Camden Works 230/34kV,Northfield,38.6847,-121.3831,1994,100,ONAN,0.842,7781,2,2021-10-30,1
SUB-SGW-782,Kingsley Siding 69/12kV,Cedar Basin,38.4404,-121.2923,1993,10,OFAF,0.79,1212,4,2024-02-27,0
SUB-SGW-783,Sandbourne Works 138/13kV,Ridgeline,38.3063,-121.5591,1985,50,OFAF,0.753,5334,2,2022-04-11,1
SUB-SGW-784,Thornton Crossing 138/13kV,Junction West,38.6193,-121.8532,1977,50,ONAN,0.664,7005,2,2023-02-05,1
SUB-SGW-785,Meadow Junction 115/12kV,Northfield,38.8403,-121.3083,1984,25,ONAF,0.679,2229,4,2023-02-26,2
SUB-SGW-786,Glenmoor Terrace 115/12kV,Cedar Basin,38.4173,-121.1646,1981,25,ONAN,0.661,3339,3,2023-01-22,2
SUB-SGW-787,Willow Ferry 138/13kV,Ridgeline,38.3173,-121.5157,1988,50,ONAN,0.944,4841,3,2024-07-08,0
SUB-SGW-788,Glenmoor Green 69/12kV,Junction West,38.6268,-121.6548,1997,10,ONAN,0.793,1060,4,2024-10-11,2
SUB-SGW-789,Quarrydale Works 69/12kV,Northfield,38.8226,-121.4324,1999,10,ONAN,0.555,951,1,2025-01-09,0
SUB-SGW-790,Westmarch Hill 138/13kV,Cedar Basin,38.5512,-121.1482,1989,50,ONAN,0.77,5066,2,2023-10-29,0
SUB-SGW-791,Briarcliff Vale 115/12kV,Ridgeline,38.3589,-121.6478,1988,25,ONAN,0.838,3048,1,2023-05-13,0
SUB-SGW-792,Camden Quay 138/13kV,Junction West,38.4944,-121.8233,1996,50,ONAF,0.566,4540,1,2022-11-30,1
SUB-SGW-793,Rushmere Park 138/13kV,Northfield,38.6715,-121.5226,1998,50,ONAN,0.695,4757,5,2023-12-05,0
SUB-SGW-794,Glenmoor Reach 115/12kV,Cedar Basin,38.5601,-121.1518,1986,25,ONAN,0.864,5470,4,2021-11-08,1
SUB-SGW-795,Ivybridge Springs 138/13kV,Ridgeline,38.3674,-121.503,1980,50,OFAF,0.861,9356,3,2022-04-07,1
SUB-SGW-796,Willow Green 115/12kV,Junction West,38.7641,-121.7714,1999,25,ONAN,0.707,4935,1,2024-05-21,0
SUB-SGW-797,Meadow Hill 115/12kV,Northfield,38.7083,-121.4844,1977,25,ONAF,0.944,2033,4,2025-01-30,1
SUB-SGW-798,Vernham Terrace 69/12kV,Cedar Basin,38.423,-121.2744,2011,10,ONAF,0.869,960,4,2023-09-20,1
SUB-SGW-799,Quarrydale Terrace 115/12kV,Ridgeline,38.4876,-121.4294,1979,25,ONAF,0.814,1223,2,2025-02-26,0
SUB-SGW-800,Rushmere Yard 138/13kV,Junction West,38.5356,-121.7265,2004,50,ONAF,0.741,7070,2,2024-12-27,1
SUB-SGW-801,Aldergrove Terrace 115/12kV,Northfield,38.7686,-121.4266,1980,25,ONAF,0.559,2163,1,2022-09-27,4
SUB-SGW-802,Jessup Reach 230/34kV,Cedar Basin,38.4647,-121.2551,2009,100,OFAF,0.704,6597,5,2023-08-09,0
SUB-SGW-803,Underhill Grove 138/13kV,Ridgeline,38.4335,-121.4622,1997,50,ONAN,0.93,4692,5,2023-05-08,0
SUB-SGW-804,Vernham Dale 115/12kV,Junction West,38.726,-121.7737,1976,25,ONAF,0.62,1519,2,2022-04-19,1
SUB-SGW-805,Tilbrook Hill 69/12kV,Northfield,38.6535,-121.3608,1979,10,ONAF,0.869,1159,4,2024-05-17,1
SUB-SGW-806,Rushmere Common 69/12kV,Cedar Basin,38.4858,-121.219,1978,10,OFAF,0.651,1117,3,2024-02-18,0
SUB-SGW-807,Glenmoor Mill 69/12kV,Ridgeline,38.3972,-121.5184,1986,10,ONAN,0.712,619,3,2024-02-02,0
SUB-SGW-808,Halloway Common 138/13kV,Junction West,38.6466,-121.8269,1991,50,OFAF,0.826,1847,4,2025-07-15,0
SUB-SGW-809,Oakhurst Junction 115/12kV,Northfield,38.7022,-121.6965,1997,25,ONAN,0.789,3412,4,2022-06-27,1
SUB-SGW-810,Willow Yard 138/13kV,Cedar Basin,38.5309,-121.3279,1996,50,ONAN,0.671,4557,2,2024-10-27,0
SUB-SGW-811,Redwater Common 69/12kV,Ridgeline,38.413,-121.5223,1980,10,ONAN,0.713,869,4,2024-12-26,1
SUB-SGW-812,Jessup Landing 69/12kV,Junction West,38.5458,-121.8329,1985,10,ONAN,0.764,922,4,2024-08-15,0
SUB-SGW-813,Penrose Dale 230/34kV,Northfield,38.7282,-121.5066,1998,100,ONAF,0.738,7531,4,2023-01-10,2
SUB-SGW-814,Granite Park 115/12kV,Cedar Basin,38.5961,-121.1468,1993,25,OFAF,0.637,2633,1,2025-08-19,0
SUB-SGW-815,Northcott Terrace 115/12kV,Ridgeline,38.3268,-121.6026,2008,25,ONAF,0.571,2281,1,2024-06-23,1
SUB-SGW-816,Meadow Works 69/12kV,Junction West,38.4829,-121.8603,1983,10,ONAN,0.819,922,2,2023-10-15,1
SUB-SGW-817,Eastvale Creek 138/13kV,Northfield,38.6571,-121.3623,1982,50,ONAN,0.752,4596,4,2024-08-08,0
SUB-SGW-818,Ivybridge Gate 230/34kV,Cedar Basin,38.6082,-121.2717,1990,100,ONAN,0.581,15112,2,2022-04-08,0
SUB-SGW-819,Underhill Park 230/34kV,Ridgeline,38.4264,-121.5983,1996,100,OFAF,0.789,9194,3,2022-07-30,1
SUB-SGW-820,Fernbank Green 230/34kV,Junction West,38.6395,-121.7758,1973,100,ONAN,0.721,9650,5,2025-01-19,2
SUB-SGW-821,Penrose Green 230/34kV,Northfield,38.8112,-121.4084,1994,100,ONAN,0.832,5317,2,2025-02-12,0
SUB-SGW-822,Camden Dale 115/12kV,Cedar Basin,38.5834,-121.2272,1996,25,ONAN,0.94,2035,3,2022-12-04,2
SUB-SGW-823,Fairmount Water 138/13kV,Ridgeline,38.378,-121.5322,2001,50,ONAF,0.76,3831,5,2024-08-24,2
SUB-SGW-824,Draycott Reach 69/12kV,Junction West,38.591,-121.7215,1985,10,ONAN,0.91,1065,2,2023-11-06,1
SUB-SGW-825,Ashford Terrace 69/12kV,Northfield,38.8488,-121.5441,1977,10,ONAN,0.656,882,2,2022-11-12,0
SUB-SGW-826,Bellview Bend 230/34kV,Cedar Basin,38.4582,-121.1378,1986,100,OFAF,0.921,4582,3,2024-02-23,2
SUB-SGW-827,Wexford Springs 138/13kV,Ridgeline,38.2927,-121.406,2003,50,ONAF,0.693,5409,3,2023-09-22,1
SUB-SGW-828,Jessup Green 115/12kV,Junction West,38.4969,-121.6057,1981,25,ONAN,0.877,2702,4,2022-12-24,1
SUB-SGW-829,Halloway Landing 115/12kV,Northfield,38.7695,-121.4509,1988,25,ONAN,0.657,3837,1,2022-04-13,1
SUB-SGW-830,Westmarch Ferry 115/12kV,Cedar Basin,38.6516,-121.1656,1994,25,ONAF,0.705,2243,2,2021-11-22,2
SUB-SGW-831,Redwater Works 115/12kV,Ridgeline,38.3925,-121.4658,1988,25,ONAF,0.874,1491,4,2023-05-26,0
SUB-SGW-832,Briarcliff Bend 230/34kV,Junction West,38.6509,-121.6438,1985,100,ONAN,0.777,5391,3,2022-07-11,2
SUB-SGW-833,Ivybridge Vale 230/34kV,Northfield,38.8156,-121.4543,2004,100,ONAF,0.663,5882,5,2025-02-12,1
SUB-SGW-834,Meadow Creek 138/13kV,Cedar Basin,38.4048,-121.1479,1987,50,ONAF,0.676,6290,1,2025-07-21,0
SUB-SGW-835,Jessup Heights 115/12kV,Ridgeline,38.3104,-121.4348,2009,25,ONAN,0.731,1400,4,2025-06-25,0
SUB-SGW-836,Yarrow Reach 69/12kV,Junction West,38.701,-121.6468,1985,10,OFAF,0.735,400,3,2022-12-07,0
SUB-SGW-837,Northcott Grove 69/12kV,Northfield,38.8059,-121.5615,1986,10,ONAF,0.709,1377,5,2022-03-18,1
SUB-SGW-838,Langmere Point 69/12kV,Cedar Basin,38.4913,-121.1772,1984,10,OFAF,0.949,863,4,2024-03-11,1
SUB-SGW-839,Briarcliff Hill 138/13kV,Ridgeline,38.369,-121.6998,1973,50,ONAF,0.944,5216,1,2023-03-13,2
SUB-SGW-840,Stonebridge Ferry 138/13kV,Junction West,38.6175,-121.9839,1988,50,ONAN,0.776,3732,3,2021-12-10,0
SUB-SGW-841,Yarrow Heights 69/12kV,Northfield,38.7863,-121.6845,1989,10,ONAN,0.887,649,5,2023-07-07,1
SUB-SGW-842,Bellview Moor 69/12kV,Cedar Basin,38.5193,-121.3106,1997,10,ONAN,0.848,1521,2,2022-08-05,3
SUB-SGW-843,Glenmoor Hill 230/34kV,Ridgeline,38.3066,-121.521,1984,100,OFAF,0.86,15853,4,2025-09-02,1
SUB-SGW-844,Tilbrook Creek 69/12kV,Junction West,38.7918,-121.7505,2000,10,ONAN,0.823,1062,5,2022-08-17,2
SUB-SGW-845,Oakhurst Siding 115/12kV,Northfield,38.8485,-121.334,1973,25,ONAN,0.8,2329,2,2021-11-03,1
SUB-SGW-846,Yarrow Hollow 115/12kV,Cedar Basin,38.4062,-121.2561,1996,25,OFAF,0.707,2799,5,2024-05-29,0
SUB-SGW-847,Harrowgate Springs 230/34kV,Ridgeline,38.3107,-121.6646,1977,100,ONAF,0.891,7112,5,2024-10-25,2
SUB-SGW-848,Marlow Crossing 138/13kV,Junction West,38.6386,-121.6954,2007,50,ONAN,0.675,6285,4,2022-11-16,3
SUB-SGW-849,Underhill Ferry 69/12kV,Northfield,38.6681,-121.4787,1989,10,ONAN,0.712,1092,5,2023-04-10,2
SUB-SGW-850,Briarcliff Creek 69/12kV,Cedar Basin,38.541,-121.2619,1986,10,ONAF,0.697,1772,5,2022-10-13,0
SUB-SGW-851,Granite Ferry 115/12kV,Ridgeline,38.2906,-121.703,1971,25,ONAF,0.641,3352,5,2023-07-06,1
SUB-SGW-852,Draycott Vale 115/12kV,Junction West,38.5255,-121.7522,1980,25,ONAN,0.846,1762,5,2024-01-05,0
SUB-SGW-853,Penrose Point 69/12kV,Northfield,38.6927,-121.356,1995,10,ONAN,0.79,1230,3,2022-09-15,1
SUB-SGW-854,Halloway Vale 115/12kV,Cedar Basin,38.4518,-121.1677,1993,25,ONAF,0.675,2643,5,2025-01-15,0
SUB-SGW-855,Ivybridge Siding 69/12kV,Ridgeline,38.2667,-121.6212,2002,10,OFAF,0.829,1284,4,2022-11-01,0
SUB-SGW-856,Eastvale Ferry 138/13kV,Junction West,38.6469,-121.7032,1989,50,OFAF,0.809,3231,4,2022-12-19,1
SUB-SGW-857,Halloway Water 69/12kV,Northfield,38.7286,-121.4562,1988,10,ONAF,0.877,946,3,2023-06-07,3
SUB-SGW-858,Ashford Heights 138/13kV,Cedar Basin,38.621,-121.2364,2011,50,ONAN,0.619,3557,2,2022-04-02,1
SUB-SGW-859,Meadow Bluff 115/12kV,Ridgeline,38.3583,-121.6257,2007,25,ONAN,0.555,1588,3,2022-09-13,2
SUB-SGW-860,Willow Ridge 69/12kV,Junction West,38.7413,-121.8596,1997,10,ONAF,0.816,784,3,2024-04-23,1
SUB-SGW-861,Sandbourne Gate 115/12kV,Northfield,38.7209,-121.6077,1996,25,ONAF,0.687,1156,3,2022-09-01,0
SUB-SGW-862,Tilbrook Junction 69/12kV,Cedar Basin,38.5331,-121.2964,2010,10,ONAF,0.94,630,3,2022-08-01,0
SUB-SGW-863,Tilbrook Works 69/12kV,Ridgeline,38.3001,-121.5841,1991,10,ONAF,0.825,1374,4,2024-07-21,1
SUB-SGW-864,Granite Quay 69/12kV,Junction West,38.5547,-121.8268,1992,10,ONAF,0.757,1444,4,2021-12-14,0
SUB-SGW-865,Thornton Green 115/12kV,Northfield,38.6165,-121.4778,2009,25,ONAF,0.761,1503,2,2024-02-08,0
SUB-SGW-866,Bellview Water 115/12kV,Cedar Basin,38.5745,-121.2248,2008,25,ONAN,0.632,2305,5,2023-04-08,0
SUB-SGW-867,Marlow Dale 115/12kV,Ridgeline,38.3191,-121.5943,2012,25,OFAF,0.644,2281,1,2024-04-24,0
SUB-SGW-868,Eastvale Reach 138/13kV,Junction West,38.4865,-121.7957,1991,50,ONAN,0.696,5822,4,2023-05-24,2
SUB-SGW-869,Glenmoor Crossing 115/12kV,Northfield,38.5374,-121.4453,1996,25,ONAF,0.651,5239,2,2023-07-01,1
SUB-SGW-870,Redwater Moor 230/34kV,Cedar Basin,38.4938,-121.2968,2006,100,ONAN,0.614,8232,5,2023-12-24,0
SUB-SGW-871,Kelvedon Creek 69/12kV,Ridgeline,38.3544,-121.5839,2012,10,ONAN,0.782,493,4,2023-11-30,1
SUB-SGW-872,Halloway Terrace 69/12kV,Junction West,38.6315,-121.7903,1997,10,OFAF,0.62,519,3,2025-01-19,2
SUB-SGW-873,Camden Heights 115/12kV,Northfield,38.7083,-121.4538,1978,25,ONAN,0.78,1845,4,2022-04-26,1
SUB-SGW-874,Sandbourne Springs 138/13kV,Cedar Basin,38.4622,-121.2614,1983,50,OFAF,0.692,5947,4,2025-09-08,1
SUB-SGW-875,Bellview Lock 138/13kV,Ridgeline,38.4036,-121.5479,1976,50,ONAF,0.66,9831,5,2022-03-15,2
SUB-SGW-876,Kelvedon Junction 69/12kV,Junction West,38.5209,-121.8269,2007,10,ONAN,0.695,467,4,2025-01-12,1
SUB-SGW-877,Quarrydale Bluff 138/13kV,Northfield,38.7206,-121.465,1995,50,ONAF,0.648,4357,1,2023-07-23,1
SUB-SGW-878,Jessup Moor 138/13kV,Cedar Basin,38.3978,-121.1751,1978,50,ONAF,0.608,3947,3,2024-02-07,1
SUB-SGW-879,Tilbrook Vale 69/12kV,Ridgeline,38.4603,-121.6414,1996,10,OFAF,0.68,525,2,2021-11-08,1
SUB-SGW-880,Westmarch Hollow 69/12kV,Junction West,38.5843,-121.6117,1997,10,ONAF,0.623,1057,5,2025-04-10,0
SUB-SGW-881,Ashford Hill 138/13kV,Northfield,38.7847,-121.4162,1990,50,ONAN,0.928,4778,1,2022-09-08,1
SUB-SGW-882,Oakhurst Gate 230/34kV,Cedar Basin,38.5218,-120.9788,1985,100,ONAN,0.725,12867,4,2024-09-27,0
SUB-SGW-883,Langmere Bend 69/12kV,Ridgeline,38.3989,-121.6996,1992,10,ONAF,0.864,1253,1,2025-07-24,1
SUB-SGW-884,Ivybridge Junction 115/12kV,Junction West,38.4633,-121.6064,2009,25,ONAN,0.808,2658,4,2021-10-07,0
SUB-SGW-885,Sandbourne Reach 115/12kV,Northfield,38.6456,-121.4693,2000,25,OFAF,0.59,2949,2,2022-07-11,1
SUB-SGW-886,Cedar Dale 115/12kV,Cedar Basin,38.4313,-121.2973,1989,25,ONAN,0.819,1532,3,2025-06-20,2
SUB-SGW-887,Yarrow Bluff 69/12kV,Ridgeline,38.3593,-121.589,2008,10,OFAF,0.58,801,2,2023-02-24,4
SUB-SGW-888,Fernbank Hill 230/34kV,Junction West,38.7873,-121.6775,2007,100,ONAF,0.712,10808,3,2025-05-26,0
SUB-SGW-889,Kelvedon Gate 115/12kV,Northfield,38.7436,-121.4286,1972,25,OFAF,0.895,4069,2,2022-01-28,0
SUB-SGW-890,Northcott Gate 69/12kV,Cedar Basin,38.5688,-121.3034,1988,10,ONAN,0.736,707,4,2024-01-06,0
SUB-SGW-891,Kelvedon Lock 69/12kV,Ridgeline,38.41,-121.6038,1981,10,ONAN,0.601,803,1,2023-04-03,3
SUB-SGW-892,Harrowgate Quay 138/13kV,Junction West,38.5987,-121.9545,1986,50,ONAN,0.584,3055,4,2023-12-14,1
SUB-SGW-893,Wexford Gate 138/13kV,Northfield,38.652,-121.5499,2014,50,ONAN,0.65,3173,2,2025-07-01,2
SUB-SGW-894,Redwater Reach 115/12kV,Cedar Basin,38.656,-121.2364,2015,25,ONAN,0.799,2565,1,2025-09-02,1
SUB-SGW-895,Fernbank Landing 115/12kV,Ridgeline,38.3817,-121.5225,1991,25,OFAF,0.885,1880,5,2022-09-17,0
SUB-SGW-896,Sandbourne Dale 230/34kV,Junction West,38.4612,-121.8825,2005,100,ONAF,0.76,5716,1,2022-06-21,0
SUB-SGW-897,Camden Terrace 69/12kV,Northfield,38.7564,-121.5089,2004,10,ONAF,0.65,1152,4,2025-08-10,2
SUB-SGW-898,Eastvale Bluff 115/12kV,Cedar Basin,38.5639,-121.1071,1997,25,ONAN,0.813,1727,3,2024-03-25,2
SUB-SGW-899,Mossvale Ridge 115/12kV,Ridgeline,38.3236,-121.4656,1994,25,ONAN,0.637,918,3,2025-03-22,1
SUB-SGW-900,Draycott Quay 69/12kV,Junction West,38.423,-121.8118,1973,10,ONAN,0.573,843,1,2023-07-05,0
