asset_id,event_id,thermal_stress
SUB-INL-001,EVT-01,0.0
SUB-INL-002,EVT-01,0.0
SUB-INL-003,EVT-01,0.0
SUB-INL-004,EVT-01,0.0
SUB-INL-005,EVT-01,0.0
SUB-INL-006,EVT-01,0.0
SUB-INL-007,EVT-01,0.0
SUB-INL-008,EVT-01,0.0
SUB-INL-009,EVT-01,0.0
SUB-INL-010,EVT-01,0.0
SUB-INL-011,EVT-01,0.0
SUB-INL-012,EVT-01,0.0
SUB-INL-013,EVT-01,0.0
SUB-INL-014,EVT-01,0.0
SUB-INL-015,EVT-01,0.0
SUB-INL-016,EVT-01,0.0
SUB-INL-017,EVT-01,0.0
SUB-INL-018,EVT-01,0.0
SUB-INL-019,EVT-01,0.0
SUB-INL-020,EVT-01,0.0
SUB-INL-021,EVT-01,0.0
SUB-INL-022,EVT-01,0.0
SUB-INL-023,EVT-01,0.0
SUB-INL-024,EVT-01,0.0
SUB-INL-025,EVT-01,0.0
SUB-INL-026,EVT-01,0.0
SUB-INL-027,EVT-01,0.0
SUB-INL-028,EVT-01,0.0
SUB-INL-029,EVT-01,0.0
SUB-INL-030,EVT-01,0.0
SUB-INL-031,EVT-01,0.0
SUB-INL-032,EVT-01,0.0
SUB-INL-033,EVT-01,0.0
SUB-INL-034,EVT-01,0.0
SUB-INL-035,EVT-01,0.0
SUB-INL-036,EVT-01,0.0
SUB-INL-037,EVT-01,0.0
SUB-INL-038,EVT-01,0.0
SUB-INL-039,EVT-01,0.0
SUB-INL-040,EVT-01,0.0
SUB-INL-041,EVT-01,0.0
SUB-INL-042,EVT-01,0.0
SUB-INL-043,EVT-01,0.0
SUB-INL-044,EVT-01,0.0
SUB-INL-045,EVT-01,0.0
SUB-INL-046,EVT-01,0.0
SUB-INL-047,EVT-01,0.0
SUB-INL-048,EVT-01,0.0
SUB-INL-049,EVT-01,0.0
SUB-INL-050,EVT-01,0.0
SUB-INL-051,EVT-01,0.0
SUB-INL-052,EVT-01,0.0
SUB-INL-053,EVT-01,0.0
SUB-INL-054,EVT-01,0.0
SUB-INL-055,EVT-01,0.0
SUB-INL-056,EVT-01,0.0
SUB-INL-057,EVT-01,0.0
SUB-INL-058,EVT-01,0.0
SUB-INL-059,EVT-01,0.0
SUB-INL-060,EVT-01,0.0
SUB-INL-061,EVT-01,0.0
SUB-INL-062,EVT-01,0.0027
SUB-INL-063,EVT-01,0.0
SUB-INL-064,EVT-01,0.0
SUB-INL-065,EVT-01,0.0
SUB-INL-066,EVT-01,0.0
SUB-INL-067,EVT-01,0.0
SUB-INL-068,EVT-01,0.0
SUB-INL-069,EVT-01,0.0
SUB-INL-070,EVT-01,0.001
SUB-INL-071,EVT-01,0.0
SUB-INL-072,EVT-01,0.0
SUB-INL-073,EVT-01,0.0
SUB-INL-074,EVT-01,0.0
SUB-INL-075,EVT-01,0.0
SUB-INL-076,EVT-01,0.0
SUB-INL-077,EVT-01,0.0
SUB-INL-078,EVT-01,0.0
SUB-INL-079,EVT-01,0.0
SUB-INL-080,EVT-01,0.0
SUB-INL-081,EVT-01,0.0
SUB-INL-082,EVT-01,0.0
SUB-INL-083,EVT-01,0.0
SUB-INL-084,EVT-01,0.0
SUB-INL-085,EVT-01,0.0
SUB-INL-086,EVT-01,0.0
SUB-INL-087,EVT-01,0.0
SUB-INL-088,EVT-01,0.0
SUB-INL-089,EVT-01,0.0
SUB-INL-090,EVT-01,0.0
SUB-INL-091,EVT-01,0.0
SUB-INL-092,EVT-01,0.0
SUB-INL-093,EVT-01,0.0
SUB-INL-094,EVT-01,0.0
SUB-INL-095,EVT-01,0.0
SUB-INL-096,EVT-01,0.0
SUB-INL-097,EVT-01,0.0
SUB-INL-098,EVT-01,0.0
SUB-INL-099,EVT-01,0.0
SUB-INL-100,EVT-01,0.0
SUB-INL-101,EVT-01,0.0
SUB-INL-102,EVT-01,0.0
SUB-INL-103,EVT-01,0.0
SUB-INL-104,EVT-01,0.0
SUB-INL-105,EVT-01,0.0
SUB-INL-106,EVT-01,0.0
SUB-INL-107,EVT-01,0.0
SUB-INL-108,EVT-01,0.0
SUB-INL-109,EVT-01,0.0
SUB-INL-110,EVT-01,0.0
SUB-INL-111,EVT-01,0.0
SUB-INL-112,EVT-01,0.0
SUB-INL-113,EVT-01,0.0
SUB-INL-114,EVT-01,0.0
SUB-INL-115,EVT-01,0.0
SUB-INL-116,EVT-01,0.0
SUB-INL-117,EVT-01,0.0
SUB-INL-118,EVT-01,0.0
SUB-INL-119,EVT-01,0.0
SUB-INL-120,EVT-01,0.0
SUB-INL-121,EVT-01,0.0
SUB-INL-122,EVT-01,0.0
SUB-INL-123,EVT-01,0.0
SUB-INL-124,EVT-01,0.0
SUB-INL-125,EVT-01,0.0
SUB-INL-126,EVT-01,0.0
SUB-INL-127,EVT-01,0.0
SUB-INL-128,EVT-01,0.0
SUB-INL-129,EVT-01,0.0005
SUB-INL-130,EVT-01,0.0
SUB-INL-131,EVT-01,0.0
SUB-INL-132,EVT-01,0.0
SUB-INL-133,EVT-01,0.0
SUB-INL-134,EVT-01,0.0
SUB-INL-135,EVT-01,0.0
SUB-INL-136,EVT-01,0.0
SUB-INL-137,EVT-01,0.0
SUB-INL-138,EVT-01,0.0
SUB-INL-139,EVT-01,0.0
SUB-INL-140,EVT-01,0.0
SUB-INL-141,EVT-01,0.0
SUB-INL-142,EVT-01,0.0
SUB-INL-143,EVT-01,0.0
SUB-INL-144,EVT-01,0.0
SUB-INL-145,EVT-01,0.0
SUB-INL-146,EVT-01,0.0
SUB-INL-147,EVT-01,0.0
SUB-INL-148,EVT-01,0.0
SUB-INL-149,EVT-01,0.0
SUB-INL-150,EVT-01,0.0
SUB-INL-001,EVT-02,6.0929
SUB-INL-002,EVT-02,3.0925
SUB-INL-003,EVT-02,3.4972
SUB-INL-004,EVT-02,4.3887
SUB-INL-005,EVT-02,5.0502
SUB-INL-006,EVT-02,4.0741
SUB-INL-007,EVT-02,0.8598
SUB-INL-008,EVT-02,3.4957
SUB-INL-009,EVT-02,5.3156
SUB-INL-010,EVT-02,0.6737
SUB-INL-011,EVT-02,5.3945
SUB-INL-012,EVT-02,4.6321
SUB-INL-013,EVT-02,3.8161
SUB-INL-014,EVT-02,5.9342
SUB-INL-015,EVT-02,4.4732
SUB-INL-016,EVT-02,3.6486
SUB-INL-017,EVT-02,3.9615
SUB-INL-018,EVT-02,6.6006
SUB-INL-019,EVT-02,6.9736
SUB-INL-020,EVT-02,3.9557
SUB-INL-021,EVT-02,2.2368
SUB-INL-022,EVT-02,3.6942
SUB-INL-023,EVT-02,1.0954
SUB-INL-024,EVT-02,4.9216
SUB-INL-025,EVT-02,1.7852
SUB-INL-026,EVT-02,3.94
SUB-INL-027,EVT-02,0.892
SUB-INL-028,EVT-02,3.2192
SUB-INL-029,EVT-02,2.0779
SUB-INL-030,EVT-02,3.2391
SUB-INL-031,EVT-02,2.5356
SUB-INL-032,EVT-02,4.2723
SUB-INL-033,EVT-02,6.7055
SUB-INL-034,EVT-02,1.9902
SUB-INL-035,EVT-02,2.5677
SUB-INL-036,EVT-02,4.0068
SUB-INL-037,EVT-02,3.384
SUB-INL-038,EVT-02,1.5142
SUB-INL-039,EVT-02,4.6365
SUB-INL-040,EVT-02,5.7106
SUB-INL-041,EVT-02,0.8125
SUB-INL-042,EVT-02,2.465
SUB-INL-043,EVT-02,3.9745
SUB-INL-044,EVT-02,3.5854
SUB-INL-045,EVT-02,0.5273
SUB-INL-046,EVT-02,6.3505
SUB-INL-047,EVT-02,5.8167
SUB-INL-048,EVT-02,6.5863
SUB-INL-049,EVT-02,4.5064
SUB-INL-050,EVT-02,3.2958
SUB-INL-051,EVT-02,3.7845
SUB-INL-052,EVT-02,5.3065
SUB-INL-053,EVT-02,3.477
SUB-INL-054,EVT-02,3.4905
SUB-INL-055,EVT-02,4.8733
SUB-INL-056,EVT-02,3.3346
SUB-INL-057,EVT-02,3.6898
SUB-INL-058,EVT-02,4.0558
SUB-INL-059,EVT-02,1.1568
SUB-INL-060,EVT-02,3.5826
SUB-INL-061,EVT-02,6.5948
SUB-INL-062,EVT-02,7.233
SUB-INL-063,EVT-02,2.2709
SUB-INL-064,EVT-02,5.547
SUB-INL-065,EVT-02,2.5031
SUB-INL-066,EVT-02,6.5888
SUB-INL-067,EVT-02,3.6717
SUB-INL-068,EVT-02,6.8974
SUB-INL-069,EVT-02,3.1642
SUB-INL-070,EVT-02,7.0439
SUB-INL-071,EVT-02,2.7243
SUB-INL-072,EVT-02,4.1775
SUB-INL-073,EVT-02,2.0498
SUB-INL-074,EVT-02,3.6647
SUB-INL-075,EVT-02,4.7485
SUB-INL-076,EVT-02,6.8114
SUB-INL-077,EVT-02,1.4565
SUB-INL-078,EVT-02,5.6272
SUB-INL-079,EVT-02,6.5438
SUB-INL-080,EVT-02,6.5299
SUB-INL-081,EVT-02,3.8519
SUB-INL-082,EVT-02,4.3201
SUB-INL-083,EVT-02,4.531
SUB-INL-084,EVT-02,2.9297
SUB-INL-085,EVT-02,3.4542
SUB-INL-086,EVT-02,4.2812
SUB-INL-087,EVT-02,1.5583
SUB-INL-088,EVT-02,4.1067
SUB-INL-089,EVT-02,3.9142
SUB-INL-090,EVT-02,5.2893
SUB-INL-091,EVT-02,4.0835
SUB-INL-092,EVT-02,3.185
SUB-INL-093,EVT-02,0.8563
SUB-INL-094,EVT-02,5.7676
SUB-INL-095,EVT-02,2.0334
SUB-INL-096,EVT-02,0.8711
SUB-INL-097,EVT-02,5.5686
SUB-INL-098,EVT-02,5.91
SUB-INL-099,EVT-02,6.1241
SUB-INL-100,EVT-02,5.5851
SUB-INL-101,EVT-02,2.262
SUB-INL-102,EVT-02,2.2626
SUB-INL-103,EVT-02,5.3896
SUB-INL-104,EVT-02,3.0136
SUB-INL-105,EVT-02,4.5433
SUB-INL-106,EVT-02,5.4001
SUB-INL-107,EVT-02,6.4463
SUB-INL-108,EVT-02,0.9345
SUB-INL-109,EVT-02,3.7789
SUB-INL-110,EVT-02,4.6601
SUB-INL-111,EVT-02,5.8779
SUB-INL-112,EVT-02,3.3267
SUB-INL-113,EVT-02,3.1073
SUB-INL-114,EVT-02,6.3166
SUB-INL-115,EVT-02,2.462
SUB-INL-116,EVT-02,1.5682
SUB-INL-117,EVT-02,6.3696
SUB-INL-118,EVT-02,1.7088
SUB-INL-119,EVT-02,3.8522
SUB-INL-120,EVT-02,4.5274
SUB-INL-121,EVT-02,3.3347
SUB-INL-122,EVT-02,1.2161
SUB-INL-123,EVT-02,2.1739
SUB-INL-124,EVT-02,2.8072
SUB-INL-125,EVT-02,1.6169
SUB-INL-126,EVT-02,1.05
SUB-INL-127,EVT-02,2.112
SUB-INL-128,EVT-02,6.0412
SUB-INL-129,EVT-02,6.9557
SUB-INL-130,EVT-02,2.864
SUB-INL-131,EVT-02,4.2988
SUB-INL-132,EVT-02,2.6831
SUB-INL-133,EVT-02,2.1568
SUB-INL-134,EVT-02,0.8384
SUB-INL-135,EVT-02,4.8402
SUB-INL-136,EVT-02,3.7435
SUB-INL-137,EVT-02,6.2226
SUB-INL-138,EVT-02,4.4432
SUB-INL-139,EVT-02,1.7131
SUB-INL-140,EVT-02,4.1312
SUB-INL-141,EVT-02,3.78
SUB-INL-142,EVT-02,6.2845
SUB-INL-143,EVT-02,1.0373
SUB-INL-144,EVT-02,3.3774
SUB-INL-145,EVT-02,3.8491
SUB-INL-146,EVT-02,2.6452
SUB-INL-147,EVT-02,2.3968
SUB-INL-148,EVT-02,1.3825
SUB-INL-149,EVT-02,0.9621
SUB-INL-150,EVT-02,2.0342
SUB-INL-001,EVT-03,2.878
SUB-INL-002,EVT-03,0.8659
SUB-INL-003,EVT-03,1.1904
SUB-INL-004,EVT-03,1.6594
SUB-INL-005,EVT-03,2.0993
SUB-INL-006,EVT-03,1.481
SUB-INL-007,EVT-03,0.0021
SUB-INL-008,EVT-03,1.1524
SUB-INL-009,EVT-03,2.3113
SUB-INL-010,EVT-03,0.0
SUB-INL-011,EVT-03,2.3514
SUB-INL-012,EVT-03,1.8631
SUB-INL-013,EVT-03,1.2876
SUB-INL-014,EVT-03,2.76
SUB-INL-015,EVT-03,1.7897
SUB-INL-016,EVT-03,1.1652
SUB-INL-017,EVT-03,1.5214
SUB-INL-018,EVT-03,3.2954
SUB-INL-019,EVT-03,3.5755
SUB-INL-020,EVT-03,1.4134
SUB-INL-021,EVT-03,0.469
SUB-INL-022,EVT-03,1.2148
SUB-INL-023,EVT-03,0.0555
SUB-INL-024,EVT-03,2.0014
SUB-INL-025,EVT-03,0.2882
SUB-INL-026,EVT-03,1.4751
SUB-INL-027,EVT-03,0.0081
SUB-INL-028,EVT-03,0.9067
SUB-INL-029,EVT-03,0.3351
SUB-INL-030,EVT-03,0.9525
SUB-INL-031,EVT-03,0.7119
SUB-INL-032,EVT-03,1.5709
SUB-INL-033,EVT-03,3.3783
SUB-INL-034,EVT-03,0.3439
SUB-INL-035,EVT-03,0.6038
SUB-INL-036,EVT-03,1.4121
SUB-INL-037,EVT-03,1.0779
SUB-INL-038,EVT-03,0.203
SUB-INL-039,EVT-03,1.9415
SUB-INL-040,EVT-03,2.5888
SUB-INL-041,EVT-03,0.0007
SUB-INL-042,EVT-03,0.565
SUB-INL-043,EVT-03,1.5011
SUB-INL-044,EVT-03,1.1479
SUB-INL-045,EVT-03,0.0
SUB-INL-046,EVT-03,3.0844
SUB-INL-047,EVT-03,2.6684
SUB-INL-048,EVT-03,3.2746
SUB-INL-049,EVT-03,1.6904
SUB-INL-050,EVT-03,1.0961
SUB-INL-051,EVT-03,1.2883
SUB-INL-052,EVT-03,2.3103
SUB-INL-053,EVT-03,1.1606
SUB-INL-054,EVT-03,1.1353
SUB-INL-055,EVT-03,1.9615
SUB-INL-056,EVT-03,0.9522
SUB-INL-057,EVT-03,1.2192
SUB-INL-058,EVT-03,1.483
SUB-INL-059,EVT-03,0.0217
SUB-INL-060,EVT-03,1.212
SUB-INL-061,EVT-03,3.2685
SUB-INL-062,EVT-03,3.7588
SUB-INL-063,EVT-03,0.433
SUB-INL-064,EVT-03,2.4678
SUB-INL-065,EVT-03,0.4971
SUB-INL-066,EVT-03,3.2581
SUB-INL-067,EVT-03,1.1599
SUB-INL-068,EVT-03,3.5197
SUB-INL-069,EVT-03,0.9071
SUB-INL-070,EVT-03,3.6109
SUB-INL-071,EVT-03,0.6467
SUB-INL-072,EVT-03,1.4978
SUB-INL-073,EVT-03,0.4096
SUB-INL-074,EVT-03,1.1942
SUB-INL-075,EVT-03,1.9371
SUB-INL-076,EVT-03,3.4408
SUB-INL-077,EVT-03,0.1744
SUB-INL-078,EVT-03,2.5767
SUB-INL-079,EVT-03,3.249
SUB-INL-080,EVT-03,3.2427
SUB-INL-081,EVT-03,1.3847
SUB-INL-082,EVT-03,1.6078
SUB-INL-083,EVT-03,1.7716
SUB-INL-084,EVT-03,0.812
SUB-INL-085,EVT-03,1.1534
SUB-INL-086,EVT-03,1.6511
SUB-INL-087,EVT-03,0.1616
SUB-INL-088,EVT-03,1.4954
SUB-INL-089,EVT-03,1.2885
SUB-INL-090,EVT-03,2.2763
SUB-INL-091,EVT-03,1.5357
SUB-INL-092,EVT-03,0.8958
SUB-INL-093,EVT-03,0.0014
SUB-INL-094,EVT-03,2.6361
SUB-INL-095,EVT-03,0.3392
SUB-INL-096,EVT-03,0.0087
SUB-INL-097,EVT-03,2.4829
SUB-INL-098,EVT-03,2.739
SUB-INL-099,EVT-03,2.9067
SUB-INL-100,EVT-03,2.4965
SUB-INL-101,EVT-03,0.4317
SUB-INL-102,EVT-03,0.4906
SUB-INL-103,EVT-03,2.3904
SUB-INL-104,EVT-03,0.9837
SUB-INL-105,EVT-03,1.7197
SUB-INL-106,EVT-03,2.3588
SUB-INL-107,EVT-03,3.1509
SUB-INL-108,EVT-03,0.0151
SUB-INL-109,EVT-03,1.399
SUB-INL-110,EVT-03,1.8058
SUB-INL-111,EVT-03,2.715
SUB-INL-112,EVT-03,0.967
SUB-INL-113,EVT-03,0.921
SUB-INL-114,EVT-03,3.0753
SUB-INL-115,EVT-03,0.5803
SUB-INL-116,EVT-03,0.1722
SUB-INL-117,EVT-03,3.1077
SUB-INL-118,EVT-03,0.2358
SUB-INL-119,EVT-03,1.3207
SUB-INL-120,EVT-03,1.7676
SUB-INL-121,EVT-03,0.9476
SUB-INL-122,EVT-03,0.096
SUB-INL-123,EVT-03,0.4642
SUB-INL-124,EVT-03,0.7691
SUB-INL-125,EVT-03,0.2077
SUB-INL-126,EVT-03,0.037
SUB-INL-127,EVT-03,0.419
SUB-INL-128,EVT-03,2.8393
SUB-INL-129,EVT-03,3.542
SUB-INL-130,EVT-03,0.7985
SUB-INL-131,EVT-03,1.6772
SUB-INL-132,EVT-03,0.8211
SUB-INL-133,EVT-03,0.449
SUB-INL-134,EVT-03,0.001
SUB-INL-135,EVT-03,1.9472
SUB-INL-136,EVT-03,1.2446
SUB-INL-137,EVT-03,2.9944
SUB-INL-138,EVT-03,1.7838
SUB-INL-139,EVT-03,0.1814
SUB-INL-140,EVT-03,1.5727
SUB-INL-141,EVT-03,1.2639
SUB-INL-142,EVT-03,3.0242
SUB-INL-143,EVT-03,0.0284
SUB-INL-144,EVT-03,1.1114
SUB-INL-145,EVT-03,1.3075
SUB-INL-146,EVT-03,0.6792
SUB-INL-147,EVT-03,0.5947
SUB-INL-148,EVT-03,0.1616
SUB-INL-149,EVT-03,0.0143
SUB-INL-150,EVT-03,0.4623
SUB-INL-001,EVT-04,1.4343
SUB-INL-002,EVT-04,0.6214
SUB-INL-003,EVT-04,0.8563
SUB-INL-004,EVT-04,0.9671
SUB-INL-005,EVT-04,1.106
SUB-INL-006,EVT-04,0.9265
SUB-INL-007,EVT-04,0.1652
SUB-INL-008,EVT-04,0.8029
SUB-INL-009,EVT-04,1.2774
SUB-INL-010,EVT-04,0.0875
SUB-INL-011,EVT-04,1.1226
SUB-INL-012,EVT-04,1.1215
SUB-INL-013,EVT-04,0.8019
SUB-INL-014,EVT-04,1.4424
SUB-INL-015,EVT-04,1.1294
SUB-INL-016,EVT-04,0.7269
SUB-INL-017,EVT-04,1.0599
SUB-INL-018,EVT-04,1.4286
SUB-INL-019,EVT-04,1.65
SUB-INL-020,EVT-04,0.9045
SUB-INL-021,EVT-04,0.4715
SUB-INL-022,EVT-04,0.7734
SUB-INL-023,EVT-04,0.2737
SUB-INL-024,EVT-04,1.0405
SUB-INL-025,EVT-04,0.3944
SUB-INL-026,EVT-04,1.0068
SUB-INL-027,EVT-04,0.1948
SUB-INL-028,EVT-04,0.6109
SUB-INL-029,EVT-04,0.3619
SUB-INL-030,EVT-04,0.6635
SUB-INL-031,EVT-04,0.6627
SUB-INL-032,EVT-04,0.9113
SUB-INL-033,EVT-04,1.4625
SUB-INL-034,EVT-04,0.4003
SUB-INL-035,EVT-04,0.5154
SUB-INL-036,EVT-04,0.863
SUB-INL-037,EVT-04,0.7595
SUB-INL-038,EVT-04,0.3703
SUB-INL-039,EVT-04,1.2533
SUB-INL-040,EVT-04,1.2661
SUB-INL-041,EVT-04,0.1615
SUB-INL-042,EVT-04,0.5094
SUB-INL-043,EVT-04,1.0241
SUB-INL-044,EVT-04,0.7439
SUB-INL-045,EVT-04,0.0499
SUB-INL-046,EVT-04,1.4525
SUB-INL-047,EVT-04,1.3346
SUB-INL-048,EVT-04,1.4866
SUB-INL-049,EVT-04,0.8404
SUB-INL-050,EVT-04,0.8293
SUB-INL-051,EVT-04,0.8268
SUB-INL-052,EVT-04,1.2929
SUB-INL-053,EVT-04,0.8256
SUB-INL-054,EVT-04,0.782
SUB-INL-055,EVT-04,0.9755
SUB-INL-056,EVT-04,0.6058
SUB-INL-057,EVT-04,0.7838
SUB-INL-058,EVT-04,0.9437
SUB-INL-059,EVT-04,0.155
SUB-INL-060,EVT-04,0.8384
SUB-INL-061,EVT-04,1.591
SUB-INL-062,EVT-04,1.9222
SUB-INL-063,EVT-04,0.4164
SUB-INL-064,EVT-04,1.1661
SUB-INL-065,EVT-04,0.4048
SUB-INL-066,EVT-04,1.6965
SUB-INL-067,EVT-04,0.7002
SUB-INL-068,EVT-04,1.5926
SUB-INL-069,EVT-04,0.6409
SUB-INL-070,EVT-04,1.853
SUB-INL-071,EVT-04,0.5031
SUB-INL-072,EVT-04,0.8642
SUB-INL-073,EVT-04,0.4617
SUB-INL-074,EVT-04,0.7615
SUB-INL-075,EVT-04,1.1508
SUB-INL-076,EVT-04,1.6479
SUB-INL-077,EVT-04,0.3481
SUB-INL-078,EVT-04,1.5033
SUB-INL-079,EVT-04,1.4205
SUB-INL-080,EVT-04,1.3872
SUB-INL-081,EVT-04,0.9279
SUB-INL-082,EVT-04,0.9353
SUB-INL-083,EVT-04,1.044
SUB-INL-084,EVT-04,0.6274
SUB-INL-085,EVT-04,0.8281
SUB-INL-086,EVT-04,1.0487
SUB-INL-087,EVT-04,0.2925
SUB-INL-088,EVT-04,0.9254
SUB-INL-089,EVT-04,0.7132
SUB-INL-090,EVT-04,1.1947
SUB-INL-091,EVT-04,1.0058
SUB-INL-092,EVT-04,0.6146
SUB-INL-093,EVT-04,0.1563
SUB-INL-094,EVT-04,1.2421
SUB-INL-095,EVT-04,0.381
SUB-INL-096,EVT-04,0.2083
SUB-INL-097,EVT-04,1.2812
SUB-INL-098,EVT-04,1.3699
SUB-INL-099,EVT-04,1.5614
SUB-INL-100,EVT-04,1.3004
SUB-INL-101,EVT-04,0.4182
SUB-INL-102,EVT-04,0.4886
SUB-INL-103,EVT-04,1.3792
SUB-INL-104,EVT-04,0.8128
SUB-INL-105,EVT-04,0.8753
SUB-INL-106,EVT-04,1.2361
SUB-INL-107,EVT-04,1.5624
SUB-INL-108,EVT-04,0.2094
SUB-INL-109,EVT-04,0.9907
SUB-INL-110,EVT-04,0.9204
SUB-INL-111,EVT-04,1.3872
SUB-INL-112,EVT-04,0.6341
SUB-INL-113,EVT-04,0.6878
SUB-INL-114,EVT-04,1.3135
SUB-INL-115,EVT-04,0.5307
SUB-INL-116,EVT-04,0.3044
SUB-INL-117,EVT-04,1.3907
SUB-INL-118,EVT-04,0.3476
SUB-INL-119,EVT-04,0.8293
SUB-INL-120,EVT-04,1.0397
SUB-INL-121,EVT-04,0.5983
SUB-INL-122,EVT-04,0.3103
SUB-INL-123,EVT-04,0.4856
SUB-INL-124,EVT-04,0.6256
SUB-INL-125,EVT-04,0.3398
SUB-INL-126,EVT-04,0.2443
SUB-INL-127,EVT-04,0.4516
SUB-INL-128,EVT-04,1.4022
SUB-INL-129,EVT-04,1.8202
SUB-INL-130,EVT-04,0.6385
SUB-INL-131,EVT-04,1.0771
SUB-INL-132,EVT-04,0.7463
SUB-INL-133,EVT-04,0.4727
SUB-INL-134,EVT-04,0.1571
SUB-INL-135,EVT-04,1.0391
SUB-INL-136,EVT-04,0.7857
SUB-INL-137,EVT-04,1.6726
SUB-INL-138,EVT-04,1.1423
SUB-INL-139,EVT-04,0.2772
SUB-INL-140,EVT-04,1.0306
SUB-INL-141,EVT-04,0.7901
SUB-INL-142,EVT-04,1.5257
SUB-INL-143,EVT-04,0.2203
SUB-INL-144,EVT-04,0.8108
SUB-INL-145,EVT-04,0.8098
SUB-INL-146,EVT-04,0.5803
SUB-INL-147,EVT-04,0.5698
SUB-INL-148,EVT-04,0.361
SUB-INL-149,EVT-04,0.1951
SUB-INL-150,EVT-04,0.5393
SUB-INL-001,EVT-05,2.3639
SUB-INL-002,EVT-05,0.6757
SUB-INL-003,EVT-05,0.935
SUB-INL-004,EVT-05,1.3315
SUB-INL-005,EVT-05,1.7066
SUB-INL-006,EVT-05,1.1803
SUB-INL-007,EVT-05,0.0
SUB-INL-008,EVT-05,0.9067
SUB-INL-009,EVT-05,1.8723
SUB-INL-010,EVT-05,0.0
SUB-INL-011,EVT-05,1.9278
SUB-INL-012,EVT-05,1.4928
SUB-INL-013,EVT-05,1.0244
SUB-INL-014,EVT-05,2.257
SUB-INL-015,EVT-05,1.427
SUB-INL-016,EVT-05,0.9265
SUB-INL-017,EVT-05,1.1997
SUB-INL-018,EVT-05,2.7135
SUB-INL-019,EVT-05,2.9432
SUB-INL-020,EVT-05,1.1234
SUB-INL-021,EVT-05,0.3487
SUB-INL-022,EVT-05,0.9645
SUB-INL-023,EVT-05,0.0225
SUB-INL-024,EVT-05,1.6282
SUB-INL-025,EVT-05,0.2019
SUB-INL-026,EVT-05,1.1645
SUB-INL-027,EVT-05,0.0
SUB-INL-028,EVT-05,0.7126
SUB-INL-029,EVT-05,0.2455
SUB-INL-030,EVT-05,0.7474
SUB-INL-031,EVT-05,0.5384
SUB-INL-032,EVT-05,1.2603
SUB-INL-033,EVT-05,2.7821
SUB-INL-034,EVT-05,0.249
SUB-INL-035,EVT-05,0.4602
SUB-INL-036,EVT-05,1.1269
SUB-INL-037,EVT-05,0.8467
SUB-INL-038,EVT-05,0.1301
SUB-INL-039,EVT-05,1.5436
SUB-INL-040,EVT-05,2.1243
SUB-INL-041,EVT-05,0.0
SUB-INL-042,EVT-05,0.4292
SUB-INL-043,EVT-05,1.1855
SUB-INL-044,EVT-05,0.9101
SUB-INL-045,EVT-05,0.0
SUB-INL-046,EVT-05,2.5366
SUB-INL-047,EVT-05,2.1887
SUB-INL-048,EVT-05,2.6953
SUB-INL-049,EVT-05,1.3751
SUB-INL-050,EVT-05,0.8554
SUB-INL-051,EVT-05,1.0226
SUB-INL-052,EVT-05,1.8686
SUB-INL-053,EVT-05,0.9116
SUB-INL-054,EVT-05,0.8946
SUB-INL-055,EVT-05,1.6007
SUB-INL-056,EVT-05,0.7523
SUB-INL-057,EVT-05,0.9673
SUB-INL-058,EVT-05,1.1799
SUB-INL-059,EVT-05,0.0059
SUB-INL-060,EVT-05,0.9544
SUB-INL-061,EVT-05,2.6878
SUB-INL-062,EVT-05,3.0871
SUB-INL-063,EVT-05,0.3236
SUB-INL-064,EVT-05,2.0246
SUB-INL-065,EVT-05,0.378
SUB-INL-066,EVT-05,2.6722
SUB-INL-067,EVT-05,0.9242
SUB-INL-068,EVT-05,2.8979
SUB-INL-069,EVT-05,0.71
SUB-INL-070,EVT-05,2.9653
SUB-INL-071,EVT-05,0.4977
SUB-INL-072,EVT-05,1.2021
SUB-INL-073,EVT-05,0.2992
SUB-INL-074,EVT-05,0.948
SUB-INL-075,EVT-05,1.5551
SUB-INL-076,EVT-05,2.8304
SUB-INL-077,EVT-05,0.1093
SUB-INL-078,EVT-05,2.0769
SUB-INL-079,EVT-05,2.6749
SUB-INL-080,EVT-05,2.67
SUB-INL-081,EVT-05,1.0953
SUB-INL-082,EVT-05,1.2897
SUB-INL-083,EVT-05,1.4215
SUB-INL-084,EVT-05,0.6294
SUB-INL-085,EVT-05,0.9056
SUB-INL-086,EVT-05,1.3156
SUB-INL-087,EVT-05,0.1049
SUB-INL-088,EVT-05,1.1934
SUB-INL-089,EVT-05,1.034
SUB-INL-090,EVT-05,1.8544
SUB-INL-091,EVT-05,1.2187
SUB-INL-092,EVT-05,0.703
SUB-INL-093,EVT-05,0.0
SUB-INL-094,EVT-05,2.1647
SUB-INL-095,EVT-05,0.2465
SUB-INL-096,EVT-05,0.0
SUB-INL-097,EVT-05,2.0288
SUB-INL-098,EVT-05,2.2477
SUB-INL-099,EVT-05,2.3727
SUB-INL-100,EVT-05,2.0381
SUB-INL-101,EVT-05,0.3223
SUB-INL-102,EVT-05,0.3656
SUB-INL-103,EVT-05,1.9273
SUB-INL-104,EVT-05,0.7605
SUB-INL-105,EVT-05,1.3971
SUB-INL-106,EVT-05,1.9229
SUB-INL-107,EVT-05,2.5898
SUB-INL-108,EVT-05,0.0008
SUB-INL-109,EVT-05,1.1006
SUB-INL-110,EVT-05,1.4685
SUB-INL-111,EVT-05,2.2246
SUB-INL-112,EVT-05,0.7627
SUB-INL-113,EVT-05,0.7182
SUB-INL-114,EVT-05,2.5313
SUB-INL-115,EVT-05,0.4406
SUB-INL-116,EVT-05,0.1125
SUB-INL-117,EVT-05,2.5574
SUB-INL-118,EVT-05,0.1613
SUB-INL-119,EVT-05,1.0503
SUB-INL-120,EVT-05,1.4184
SUB-INL-121,EVT-05,0.7487
SUB-INL-122,EVT-05,0.0507
SUB-INL-123,EVT-05,0.3426
SUB-INL-124,EVT-05,0.5921
SUB-INL-125,EVT-05,0.1386
SUB-INL-126,EVT-05,0.0121
SUB-INL-127,EVT-05,0.3071
SUB-INL-128,EVT-05,2.3322
SUB-INL-129,EVT-05,2.9087
SUB-INL-130,EVT-05,0.6161
SUB-INL-131,EVT-05,1.3347
SUB-INL-132,EVT-05,0.626
SUB-INL-133,EVT-05,0.3306
SUB-INL-134,EVT-05,0.0
SUB-INL-135,EVT-05,1.5792
SUB-INL-136,EVT-05,0.9888
SUB-INL-137,EVT-05,2.4316
SUB-INL-138,EVT-05,1.42
SUB-INL-139,EVT-05,0.1236
SUB-INL-140,EVT-05,1.2483
SUB-INL-141,EVT-05,1.0049
SUB-INL-142,EVT-05,2.4839
SUB-INL-143,EVT-05,0.0071
SUB-INL-144,EVT-05,0.8715
SUB-INL-145,EVT-05,1.041
SUB-INL-146,EVT-05,0.5193
SUB-INL-147,EVT-05,0.4471
SUB-INL-148,EVT-05,0.0991
SUB-INL-149,EVT-05,0.001
SUB-INL-150,EVT-05,0.3356
SUB-INL-001,EVT-06,1.5926
SUB-INL-002,EVT-06,0.7213
SUB-INL-003,EVT-06,0.9785
SUB-INL-004,EVT-06,1.0921
SUB-INL-005,EVT-06,1.2407
SUB-INL-006,EVT-06,1.0504
SUB-INL-007,EVT-06,0.2212
SUB-INL-008,EVT-06,0.9196
SUB-INL-009,EVT-06,1.4266
SUB-INL-010,EVT-06,0.132
SUB-INL-011,EVT-06,1.2567
SUB-INL-012,EVT-06,1.2623
SUB-INL-013,EVT-06,0.9156
SUB-INL-014,EVT-06,1.6041
SUB-INL-015,EVT-06,1.2728
SUB-INL-016,EVT-06,0.8342
SUB-INL-017,EVT-06,1.2024
SUB-INL-018,EVT-06,1.5822
SUB-INL-019,EVT-06,1.821
SUB-INL-020,EVT-06,1.0274
SUB-INL-021,EVT-06,0.5609
SUB-INL-022,EVT-06,0.8855
SUB-INL-023,EVT-06,0.3445
SUB-INL-024,EVT-06,1.1701
SUB-INL-025,EVT-06,0.4752
SUB-INL-026,EVT-06,1.1414
SUB-INL-027,EVT-06,0.2537
SUB-INL-028,EVT-06,0.709
SUB-INL-029,EVT-06,0.4395
SUB-INL-030,EVT-06,0.7665
SUB-INL-031,EVT-06,0.772
SUB-INL-032,EVT-06,1.0325
SUB-INL-033,EVT-06,1.6181
SUB-INL-034,EVT-06,0.4817
SUB-INL-035,EVT-06,0.608
SUB-INL-036,EVT-06,0.9809
SUB-INL-037,EVT-06,0.8729
SUB-INL-038,EVT-06,0.4502
SUB-INL-039,EVT-06,1.4104
SUB-INL-040,EVT-06,1.4109
SUB-INL-041,EVT-06,0.2177
SUB-INL-042,EVT-06,0.6022
SUB-INL-043,EVT-06,1.1605
SUB-INL-044,EVT-06,0.8539
SUB-INL-045,EVT-06,0.0849
SUB-INL-046,EVT-06,1.6102
SUB-INL-047,EVT-06,1.4849
SUB-INL-048,EVT-06,1.6455
SUB-INL-049,EVT-06,0.9562
SUB-INL-050,EVT-06,0.9511
SUB-INL-051,EVT-06,0.9433
SUB-INL-052,EVT-06,1.4441
SUB-INL-053,EVT-06,0.9444
SUB-INL-054,EVT-06,0.8968
SUB-INL-055,EVT-06,1.0998
SUB-INL-056,EVT-06,0.7038
SUB-INL-057,EVT-06,0.8969
SUB-INL-058,EVT-06,1.0698
SUB-INL-059,EVT-06,0.2104
SUB-INL-060,EVT-06,0.9576
SUB-INL-061,EVT-06,1.7602
SUB-INL-062,EVT-06,2.1221
SUB-INL-063,EVT-06,0.4978
SUB-INL-064,EVT-06,1.3033
SUB-INL-065,EVT-06,0.4863
SUB-INL-066,EVT-06,1.8786
SUB-INL-067,EVT-06,0.8055
SUB-INL-068,EVT-06,1.7588
SUB-INL-069,EVT-06,0.742
SUB-INL-070,EVT-06,2.0474
SUB-INL-071,EVT-06,0.5939
SUB-INL-072,EVT-06,0.9818
SUB-INL-073,EVT-06,0.5512
SUB-INL-074,EVT-06,0.8726
SUB-INL-075,EVT-06,1.2932
SUB-INL-076,EVT-06,1.8208
SUB-INL-077,EVT-06,0.426
SUB-INL-078,EVT-06,1.6779
SUB-INL-079,EVT-06,1.5737
SUB-INL-080,EVT-06,1.5372
SUB-INL-081,EVT-06,1.054
SUB-INL-082,EVT-06,1.058
SUB-INL-083,EVT-06,1.1768
SUB-INL-084,EVT-06,0.7281
SUB-INL-085,EVT-06,0.9475
SUB-INL-086,EVT-06,1.1849
SUB-INL-087,EVT-06,0.3645
SUB-INL-088,EVT-06,1.0488
SUB-INL-089,EVT-06,0.8183
SUB-INL-090,EVT-06,1.3358
SUB-INL-091,EVT-06,1.1382
SUB-INL-092,EVT-06,0.7132
SUB-INL-093,EVT-06,0.2111
SUB-INL-094,EVT-06,1.3843
SUB-INL-095,EVT-06,0.4604
SUB-INL-096,EVT-06,0.2699
SUB-INL-097,EVT-06,1.4281
SUB-INL-098,EVT-06,1.5229
SUB-INL-099,EVT-06,1.7344
SUB-INL-100,EVT-06,1.4492
SUB-INL-101,EVT-06,0.4998
SUB-INL-102,EVT-06,0.5806
SUB-INL-103,EVT-06,1.5399
SUB-INL-104,EVT-06,0.9354
SUB-INL-105,EVT-06,0.9935
SUB-INL-106,EVT-06,1.3802
SUB-INL-107,EVT-06,1.7306
SUB-INL-108,EVT-06,0.2702
SUB-INL-109,EVT-06,1.1259
SUB-INL-110,EVT-06,1.0416
SUB-INL-111,EVT-06,1.5425
SUB-INL-112,EVT-06,0.734
SUB-INL-113,EVT-06,0.7937
SUB-INL-114,EVT-06,1.4584
SUB-INL-115,EVT-06,0.6257
SUB-INL-116,EVT-06,0.3781
SUB-INL-117,EVT-06,1.542
SUB-INL-118,EVT-06,0.4248
SUB-INL-119,EVT-06,0.9453
SUB-INL-120,EVT-06,1.172
SUB-INL-121,EVT-06,0.696
SUB-INL-122,EVT-06,0.3837
SUB-INL-123,EVT-06,0.5781
SUB-INL-124,EVT-06,0.7272
SUB-INL-125,EVT-06,0.4165
SUB-INL-126,EVT-06,0.3105
SUB-INL-127,EVT-06,0.539
SUB-INL-128,EVT-06,1.5572
SUB-INL-129,EVT-06,2.0118
SUB-INL-130,EVT-06,0.7409
SUB-INL-131,EVT-06,1.216
SUB-INL-132,EVT-06,0.8658
SUB-INL-133,EVT-06,0.5635
SUB-INL-134,EVT-06,0.2122
SUB-INL-135,EVT-06,1.1693
SUB-INL-136,EVT-06,0.8985
SUB-INL-137,EVT-06,1.8593
SUB-INL-138,EVT-06,1.2878
SUB-INL-139,EVT-06,0.3466
SUB-INL-140,EVT-06,1.1654
SUB-INL-141,EVT-06,0.903
SUB-INL-142,EVT-06,1.6921
SUB-INL-143,EVT-06,0.2807
SUB-INL-144,EVT-06,0.9291
SUB-INL-145,EVT-06,0.924
SUB-INL-146,EVT-06,0.6787
SUB-INL-147,EVT-06,0.6697
SUB-INL-148,EVT-06,0.4392
SUB-INL-149,EVT-06,0.2531
SUB-INL-150,EVT-06,0.6388
SUB-INL-001,EVT-07,4.9033
SUB-INL-002,EVT-07,2.2403
SUB-INL-003,EVT-07,2.5812
SUB-INL-004,EVT-07,3.3893
SUB-INL-005,EVT-07,3.9825
SUB-INL-006,EVT-07,3.1042
SUB-INL-007,EVT-07,0.4464
SUB-INL-008,EVT-07,2.5866
SUB-INL-009,EVT-07,4.2049
SUB-INL-010,EVT-07,0.3045
SUB-INL-011,EVT-07,4.299
SUB-INL-012,EVT-07,3.5936
SUB-INL-013,EVT-07,2.8825
SUB-INL-014,EVT-07,4.755
SUB-INL-015,EVT-07,3.4455
SUB-INL-016,EVT-07,2.7377
SUB-INL-017,EVT-07,2.9818
SUB-INL-018,EVT-07,5.3758
SUB-INL-019,EVT-07,5.6907
SUB-INL-020,EVT-07,2.9978
SUB-INL-021,EVT-07,1.4997
SUB-INL-022,EVT-07,2.7736
SUB-INL-023,EVT-07,0.6315
SUB-INL-024,EVT-07,3.8721
SUB-INL-025,EVT-07,1.1561
SUB-INL-026,EVT-07,2.9693
SUB-INL-027,EVT-07,0.4737
SUB-INL-028,EVT-07,2.357
SUB-INL-029,EVT-07,1.3563
SUB-INL-030,EVT-07,2.3684
SUB-INL-031,EVT-07,1.774
SUB-INL-032,EVT-07,3.2892
SUB-INL-033,EVT-07,5.4685
SUB-INL-034,EVT-07,1.2989
SUB-INL-035,EVT-07,1.7784
SUB-INL-036,EVT-07,3.0505
SUB-INL-037,EVT-07,2.4892
SUB-INL-038,EVT-07,0.9556
SUB-INL-039,EVT-07,3.5795
SUB-INL-040,EVT-07,4.5722
SUB-INL-041,EVT-07,0.4127
SUB-INL-042,EVT-07,1.6885
SUB-INL-043,EVT-07,2.9989
SUB-INL-044,EVT-07,2.6771
SUB-INL-045,EVT-07,0.2006
SUB-INL-046,EVT-07,5.1399
SUB-INL-047,EVT-07,4.6611
SUB-INL-048,EVT-07,5.354
SUB-INL-049,EVT-07,3.5151
SUB-INL-050,EVT-07,2.4023
SUB-INL-051,EVT-07,2.85
SUB-INL-052,EVT-07,4.1943
SUB-INL-053,EVT-07,2.5665
SUB-INL-054,EVT-07,2.5846
SUB-INL-055,EVT-07,3.8363
SUB-INL-056,EVT-07,2.4641
SUB-INL-057,EVT-07,2.7683
SUB-INL-058,EVT-07,3.0849
SUB-INL-059,EVT-07,0.6469
SUB-INL-060,EVT-07,2.662
SUB-INL-061,EVT-07,5.3471
SUB-INL-062,EVT-07,5.8925
SUB-INL-063,EVT-07,1.5216
SUB-INL-064,EVT-07,4.4343
SUB-INL-065,EVT-07,1.7327
SUB-INL-066,EVT-07,5.3267
SUB-INL-067,EVT-07,2.7625
SUB-INL-068,EVT-07,5.628
SUB-INL-069,EVT-07,2.3029
SUB-INL-070,EVT-07,5.7268
SUB-INL-071,EVT-07,1.9217
SUB-INL-072,EVT-07,3.2079
SUB-INL-073,EVT-07,1.3637
SUB-INL-074,EVT-07,2.748
SUB-INL-075,EVT-07,3.6973
SUB-INL-076,EVT-07,5.5402
SUB-INL-077,EVT-07,0.9086
SUB-INL-078,EVT-07,4.4618
SUB-INL-079,EVT-07,5.3241
SUB-INL-080,EVT-07,5.3161
SUB-INL-081,EVT-07,2.8987
SUB-INL-082,EVT-07,3.3302
SUB-INL-083,EVT-07,3.5105
SUB-INL-084,EVT-07,2.0935
SUB-INL-085,EVT-07,2.5453
SUB-INL-086,EVT-07,3.2789
SUB-INL-087,EVT-07,0.9668
SUB-INL-088,EVT-07,3.1345
SUB-INL-089,EVT-07,2.9848
SUB-INL-090,EVT-07,4.1918
SUB-INL-091,EVT-07,3.1021
SUB-INL-092,EVT-07,2.325
SUB-INL-093,EVT-07,0.4426
SUB-INL-094,EVT-07,4.6285
SUB-INL-095,EVT-07,1.3245
SUB-INL-096,EVT-07,0.4605
SUB-INL-097,EVT-07,4.4386
SUB-INL-098,EVT-07,4.7427
SUB-INL-099,EVT-07,4.9146
SUB-INL-100,EVT-07,4.4513
SUB-INL-101,EVT-07,1.5139
SUB-INL-102,EVT-07,1.5233
SUB-INL-103,EVT-07,4.2593
SUB-INL-104,EVT-07,2.1654
SUB-INL-105,EVT-07,3.5444
SUB-INL-106,EVT-07,4.2888
SUB-INL-107,EVT-07,5.2134
SUB-INL-108,EVT-07,0.5059
SUB-INL-109,EVT-07,2.8226
SUB-INL-110,EVT-07,3.6464
SUB-INL-111,EVT-07,4.7105
SUB-INL-112,EVT-07,2.453
SUB-INL-113,EVT-07,2.247
SUB-INL-114,EVT-07,5.1285
SUB-INL-115,EVT-07,1.6867
SUB-INL-116,EVT-07,0.9782
SUB-INL-117,EVT-07,5.1664
SUB-INL-118,EVT-07,1.088
SUB-INL-119,EVT-07,2.9122
SUB-INL-120,EVT-07,3.5077
SUB-INL-121,EVT-07,2.4651
SUB-INL-122,EVT-07,0.7243
SUB-INL-123,EVT-07,1.4589
SUB-INL-124,EVT-07,1.9834
SUB-INL-125,EVT-07,1.0229
SUB-INL-126,EVT-07,0.5945
SUB-INL-127,EVT-07,1.4033
SUB-INL-128,EVT-07,4.8598
SUB-INL-129,EVT-07,5.6496
SUB-INL-130,EVT-07,2.0333
SUB-INL-131,EVT-07,3.2914
SUB-INL-132,EVT-07,1.9036
SUB-INL-133,EVT-07,1.4425
SUB-INL-134,EVT-07,0.43
SUB-INL-135,EVT-07,3.7971
SUB-INL-136,EVT-07,2.8176
SUB-INL-137,EVT-07,4.9902
SUB-INL-138,EVT-07,3.4161
SUB-INL-139,EVT-07,1.0607
SUB-INL-140,EVT-07,3.1428
SUB-INL-141,EVT-07,2.8506
SUB-INL-142,EVT-07,5.0683
SUB-INL-143,EVT-07,0.5818
SUB-INL-144,EVT-07,2.4775
SUB-INL-145,EVT-07,2.9119
SUB-INL-146,EVT-07,1.8433
SUB-INL-147,EVT-07,1.6451
SUB-INL-148,EVT-07,0.8543
SUB-INL-149,EVT-07,0.5233
SUB-INL-150,EVT-07,1.3735
SUB-INL-001,EVT-08,0.9596
SUB-INL-002,EVT-08,0.3374
SUB-INL-003,EVT-08,0.5265
SUB-INL-004,EVT-08,0.599
SUB-INL-005,EVT-08,0.6996
SUB-INL-006,EVT-08,0.5715
SUB-INL-007,EVT-08,0.0408
SUB-INL-008,EVT-08,0.4814
SUB-INL-009,EVT-08,0.8448
SUB-INL-010,EVT-08,0.0044
SUB-INL-011,EVT-08,0.7022
SUB-INL-012,EVT-08,0.7265
SUB-INL-013,EVT-08,0.4712
SUB-INL-014,EVT-08,0.9739
SUB-INL-015,EVT-08,0.7391
SUB-INL-016,EVT-08,0.4122
SUB-INL-017,EVT-08,0.6918
SUB-INL-018,EVT-08,0.9285
SUB-INL-019,EVT-08,1.1207
SUB-INL-020,EVT-08,0.5559
SUB-INL-021,EVT-08,0.2344
SUB-INL-022,EVT-08,0.4501
SUB-INL-023,EVT-08,0.113
SUB-INL-024,EVT-08,0.6461
SUB-INL-025,EVT-08,0.1834
SUB-INL-026,EVT-08,0.6462
SUB-INL-027,EVT-08,0.0609
SUB-INL-028,EVT-08,0.3254
SUB-INL-029,EVT-08,0.15
SUB-INL-030,EVT-08,0.369
SUB-INL-031,EVT-08,0.3897
SUB-INL-032,EVT-08,0.5536
SUB-INL-033,EVT-08,0.9549
SUB-INL-034,EVT-08,0.1828
SUB-INL-035,EVT-08,0.2616
SUB-INL-036,EVT-08,0.5185
SUB-INL-037,EVT-08,0.4478
SUB-INL-038,EVT-08,0.176
SUB-INL-039,EVT-08,0.8445
SUB-INL-040,EVT-08,0.8204
SUB-INL-041,EVT-08,0.0404
SUB-INL-042,EVT-08,0.2593
SUB-INL-043,EVT-08,0.6599
SUB-INL-044,EVT-08,0.4284
SUB-INL-045,EVT-08,0.0
SUB-INL-046,EVT-08,0.9653
SUB-INL-047,EVT-08,0.8787
SUB-INL-048,EVT-08,0.9856
SUB-INL-049,EVT-08,0.4842
SUB-INL-050,EVT-08,0.5086
SUB-INL-051,EVT-08,0.4933
SUB-INL-052,EVT-08,0.859
SUB-INL-053,EVT-08,0.5005
SUB-INL-054,EVT-08,0.4637
SUB-INL-055,EVT-08,0.5898
SUB-INL-056,EVT-08,0.3187
SUB-INL-057,EVT-08,0.459
SUB-INL-058,EVT-08,0.5879
SUB-INL-059,EVT-08,0.0274
SUB-INL-060,EVT-08,0.5091
SUB-INL-061,EVT-08,1.0826
SUB-INL-062,EVT-08,1.3646
SUB-INL-063,EVT-08,0.1885
SUB-INL-064,EVT-08,0.7358
SUB-INL-065,EVT-08,0.1752
SUB-INL-066,EVT-08,1.1799
SUB-INL-067,EVT-08,0.3888
SUB-INL-068,EVT-08,1.0698
SUB-INL-069,EVT-08,0.3517
SUB-INL-070,EVT-08,1.3081
SUB-INL-071,EVT-08,0.2485
SUB-INL-072,EVT-08,0.5155
SUB-INL-073,EVT-08,0.2325
SUB-INL-074,EVT-08,0.4409
SUB-INL-075,EVT-08,0.7487
SUB-INL-076,EVT-08,1.1264
SUB-INL-077,EVT-08,0.1592
SUB-INL-078,EVT-08,1.0385
SUB-INL-079,EVT-08,0.9239
SUB-INL-080,EVT-08,0.8917
SUB-INL-081,EVT-08,0.5805
SUB-INL-082,EVT-08,0.5729
SUB-INL-083,EVT-08,0.6627
SUB-INL-084,EVT-08,0.3459
SUB-INL-085,EVT-08,0.503
SUB-INL-086,EVT-08,0.6745
SUB-INL-087,EVT-08,0.1105
SUB-INL-088,EVT-08,0.5695
SUB-INL-089,EVT-08,0.3924
SUB-INL-090,EVT-08,0.7706
SUB-INL-091,EVT-08,0.6426
SUB-INL-092,EVT-08,0.3294
SUB-INL-093,EVT-08,0.0356
SUB-INL-094,EVT-08,0.7958
SUB-INL-095,EVT-08,0.1663
SUB-INL-096,EVT-08,0.072
SUB-INL-097,EVT-08,0.8382
SUB-INL-098,EVT-08,0.9075
SUB-INL-099,EVT-08,1.0738
SUB-INL-100,EVT-08,0.8554
SUB-INL-101,EVT-08,0.1901
SUB-INL-102,EVT-08,0.2482
SUB-INL-103,EVT-08,0.9341
SUB-INL-104,EVT-08,0.5057
SUB-INL-105,EVT-08,0.5137
SUB-INL-106,EVT-08,0.8038
SUB-INL-107,EVT-08,1.0622
SUB-INL-108,EVT-08,0.0698
SUB-INL-109,EVT-08,0.6365
SUB-INL-110,EVT-08,0.5492
SUB-INL-111,EVT-08,0.9244
SUB-INL-112,EVT-08,0.342
SUB-INL-113,EVT-08,0.3937
SUB-INL-114,EVT-08,0.8338
SUB-INL-115,EVT-08,0.2767
SUB-INL-116,EVT-08,0.1193
SUB-INL-117,EVT-08,0.9048
SUB-INL-118,EVT-08,0.1483
SUB-INL-119,EVT-08,0.4934
SUB-INL-120,EVT-08,0.6591
SUB-INL-121,EVT-08,0.3126
SUB-INL-122,EVT-08,0.1367
SUB-INL-123,EVT-08,0.2488
SUB-INL-124,EVT-08,0.3469
SUB-INL-125,EVT-08,0.145
SUB-INL-126,EVT-08,0.0913
SUB-INL-127,EVT-08,0.2219
SUB-INL-128,EVT-08,0.9323
SUB-INL-129,EVT-08,1.281
SUB-INL-130,EVT-08,0.3567
SUB-INL-131,EVT-08,0.6981
SUB-INL-132,EVT-08,0.4584
SUB-INL-133,EVT-08,0.2386
SUB-INL-134,EVT-08,0.0366
SUB-INL-135,EVT-08,0.648
SUB-INL-136,EVT-08,0.4591
SUB-INL-137,EVT-08,1.1711
SUB-INL-138,EVT-08,0.7511
SUB-INL-139,EVT-08,0.0958
SUB-INL-140,EVT-08,0.6624
SUB-INL-141,EVT-08,0.462
SUB-INL-142,EVT-08,1.035
SUB-INL-143,EVT-08,0.073
SUB-INL-144,EVT-08,0.49
SUB-INL-145,EVT-08,0.4772
SUB-INL-146,EVT-08,0.3128
SUB-INL-147,EVT-08,0.313
SUB-INL-148,EVT-08,0.1735
SUB-INL-149,EVT-08,0.0574
SUB-INL-150,EVT-08,0.3008
SUB-INL-001,EVT-09,2.296
SUB-INL-002,EVT-09,0.6158
SUB-INL-003,EVT-09,0.8573
SUB-INL-004,EVT-09,1.2644
SUB-INL-005,EVT-09,1.6492
SUB-INL-006,EVT-09,1.1071
SUB-INL-007,EVT-09,0.0
SUB-INL-008,EVT-09,0.8343
SUB-INL-009,EVT-09,1.8037
SUB-INL-010,EVT-09,0.0
SUB-INL-011,EVT-09,1.8748
SUB-INL-012,EVT-09,1.4129
SUB-INL-013,EVT-09,0.9594
SUB-INL-014,EVT-09,2.1873
SUB-INL-015,EVT-09,1.341
SUB-INL-016,EVT-09,0.8647
SUB-INL-017,EVT-09,1.1081
SUB-INL-018,EVT-09,2.6514
SUB-INL-019,EVT-09,2.8728
SUB-INL-020,EVT-09,1.0502
SUB-INL-021,EVT-09,0.2917
SUB-INL-022,EVT-09,0.8989
SUB-INL-023,EVT-09,0.0057
SUB-INL-024,EVT-09,1.5733
SUB-INL-025,EVT-09,0.153
SUB-INL-026,EVT-09,1.0806
SUB-INL-027,EVT-09,0.0
SUB-INL-028,EVT-09,0.6553
SUB-INL-029,EVT-09,0.1987
SUB-INL-030,EVT-09,0.6847
SUB-INL-031,EVT-09,0.4643
SUB-INL-032,EVT-09,1.1962
SUB-INL-033,EVT-09,2.7191
SUB-INL-034,EVT-09,0.1982
SUB-INL-035,EVT-09,0.4025
SUB-INL-036,EVT-09,1.0597
SUB-INL-037,EVT-09,0.7761
SUB-INL-038,EVT-09,0.0875
SUB-INL-039,EVT-09,1.4472
SUB-INL-040,EVT-09,2.0644
SUB-INL-041,EVT-09,0.0
SUB-INL-042,EVT-09,0.3704
SUB-INL-043,EVT-09,1.1002
SUB-INL-044,EVT-09,0.8448
SUB-INL-045,EVT-09,0.0
SUB-INL-046,EVT-09,2.4709
SUB-INL-047,EVT-09,2.1253
SUB-INL-048,EVT-09,2.6304
SUB-INL-049,EVT-09,1.3284
SUB-INL-050,EVT-09,0.7752
SUB-INL-051,EVT-09,0.9538
SUB-INL-052,EVT-09,1.7979
SUB-INL-053,EVT-09,0.8372
SUB-INL-054,EVT-09,0.8239
SUB-INL-055,EVT-09,1.5506
SUB-INL-056,EVT-09,0.6958
SUB-INL-057,EVT-09,0.9006
SUB-INL-058,EVT-09,1.1047
SUB-INL-059,EVT-09,0.0005
SUB-INL-060,EVT-09,0.8805
SUB-INL-061,EVT-09,2.6169
SUB-INL-062,EVT-09,3.0024
SUB-INL-063,EVT-09,0.2725
SUB-INL-064,EVT-09,1.9701
SUB-INL-065,EVT-09,0.3303
SUB-INL-066,EVT-09,2.5923
SUB-INL-067,EVT-09,0.8658
SUB-INL-068,EVT-09,2.8299
SUB-INL-069,EVT-09,0.6489
SUB-INL-070,EVT-09,2.8826
SUB-INL-071,EVT-09,0.4439
SUB-INL-072,EVT-09,1.1402
SUB-INL-073,EVT-09,0.2432
SUB-INL-074,EVT-09,0.8828
SUB-INL-075,EVT-09,1.4759
SUB-INL-076,EVT-09,2.7588
SUB-INL-077,EVT-09,0.0693
SUB-INL-078,EVT-09,1.9894
SUB-INL-079,EVT-09,2.6128
SUB-INL-080,EVT-09,2.6093
SUB-INL-081,EVT-09,1.017
SUB-INL-082,EVT-09,1.2245
SUB-INL-083,EVT-09,1.3486
SUB-INL-084,EVT-09,0.5657
SUB-INL-085,EVT-09,0.8302
SUB-INL-086,EVT-09,1.2338
SUB-INL-087,EVT-09,0.069
SUB-INL-088,EVT-09,1.1212
SUB-INL-089,EVT-09,0.9826
SUB-INL-090,EVT-09,1.7942
SUB-INL-091,EVT-09,1.1372
SUB-INL-092,EVT-09,0.6447
SUB-INL-093,EVT-09,0.0
SUB-INL-094,EVT-09,2.1064
SUB-INL-095,EVT-09,0.1978
SUB-INL-096,EVT-09,0.0
SUB-INL-097,EVT-09,1.9674
SUB-INL-098,EVT-09,2.1826
SUB-INL-099,EVT-09,2.2963
SUB-INL-100,EVT-09,1.9755
SUB-INL-101,EVT-09,0.2711
SUB-INL-102,EVT-09,0.3065
SUB-INL-103,EVT-09,1.8482
SUB-INL-104,EVT-09,0.6767
SUB-INL-105,EVT-09,1.3478
SUB-INL-106,EVT-09,1.8619
SUB-INL-107,EVT-09,2.5178
SUB-INL-108,EVT-09,0.0
SUB-INL-109,EVT-09,1.0132
SUB-INL-110,EVT-09,1.418
SUB-INL-111,EVT-09,2.1582
SUB-INL-112,EVT-09,0.7037
SUB-INL-113,EVT-09,0.6519
SUB-INL-114,EVT-09,2.4726
SUB-INL-115,EVT-09,0.3802
SUB-INL-116,EVT-09,0.0753
SUB-INL-117,EVT-09,2.4957
SUB-INL-118,EVT-09,0.1181
SUB-INL-119,EVT-09,0.983
SUB-INL-120,EVT-09,1.3461
SUB-INL-121,EVT-09,0.6931
SUB-INL-122,EVT-09,0.0205
SUB-INL-123,EVT-09,0.284
SUB-INL-124,EVT-09,0.5253
SUB-INL-125,EVT-09,0.097
SUB-INL-126,EVT-09,0.0016
SUB-INL-127,EVT-09,0.2525
SUB-INL-128,EVT-09,2.2661
SUB-INL-129,EVT-09,2.8268
SUB-INL-130,EVT-09,0.5495
SUB-INL-131,EVT-09,1.2498
SUB-INL-132,EVT-09,0.5458
SUB-INL-133,EVT-09,0.2737
SUB-INL-134,EVT-09,0.0
SUB-INL-135,EVT-09,1.5219
SUB-INL-136,EVT-09,0.9234
SUB-INL-137,EVT-09,2.3462
SUB-INL-138,EVT-09,1.3313
SUB-INL-139,EVT-09,0.087
SUB-INL-140,EVT-09,1.1648
SUB-INL-141,EVT-09,0.9403
SUB-INL-142,EVT-09,2.4117
SUB-INL-143,EVT-09,0.0004
SUB-INL-144,EVT-09,0.7956
SUB-INL-145,EVT-09,0.976
SUB-INL-146,EVT-09,0.4561
SUB-INL-147,EVT-09,0.3824
SUB-INL-148,EVT-09,0.0586
SUB-INL-149,EVT-09,0.0
SUB-INL-150,EVT-09,0.2713
SUB-INL-001,EVT-10,5.178
SUB-INL-002,EVT-10,2.454
SUB-INL-003,EVT-10,2.7839
SUB-INL-004,EVT-10,3.6294
SUB-INL-005,EVT-10,4.2423
SUB-INL-006,EVT-10,3.3315
SUB-INL-007,EVT-10,0.4887
SUB-INL-008,EVT-10,2.7977
SUB-INL-009,EVT-10,4.4546
SUB-INL-010,EVT-10,0.3475
SUB-INL-011,EVT-10,4.5784
SUB-INL-012,EVT-10,3.8248
SUB-INL-013,EVT-10,3.1132
SUB-INL-014,EVT-10,5.018
SUB-INL-015,EVT-10,3.6655
SUB-INL-016,EVT-10,2.9697
SUB-INL-017,EVT-10,3.1809
SUB-INL-018,EVT-10,5.6857
SUB-INL-019,EVT-10,5.9889
SUB-INL-020,EVT-10,3.2212
SUB-INL-021,EVT-10,1.6492
SUB-INL-022,EVT-10,3.0013
SUB-INL-023,EVT-10,0.6697
SUB-INL-024,EVT-10,4.1341
SUB-INL-025,EVT-10,1.2586
SUB-INL-026,EVT-10,3.1757
SUB-INL-027,EVT-10,0.5113
SUB-INL-028,EVT-10,2.5813
SUB-INL-029,EVT-10,1.5225
SUB-INL-030,EVT-10,2.5857
SUB-INL-031,EVT-10,1.8976
SUB-INL-032,EVT-10,3.5308
SUB-INL-033,EVT-10,5.78
SUB-INL-034,EVT-10,1.435
SUB-INL-035,EVT-10,1.9616
SUB-INL-036,EVT-10,3.2834
SUB-INL-037,EVT-10,2.7002
SUB-INL-038,EVT-10,1.0237
SUB-INL-039,EVT-10,3.79
SUB-INL-040,EVT-10,4.849
SUB-INL-041,EVT-10,0.4498
SUB-INL-042,EVT-10,1.8611
SUB-INL-043,EVT-10,3.2047
SUB-INL-044,EVT-10,2.9027
SUB-INL-045,EVT-10,0.2378
SUB-INL-046,EVT-10,5.4287
SUB-INL-047,EVT-10,4.9338
SUB-INL-048,EVT-10,5.6529
SUB-INL-049,EVT-10,3.7825
SUB-INL-050,EVT-10,2.5936
SUB-INL-051,EVT-10,3.075
SUB-INL-052,EVT-10,4.4411
SUB-INL-053,EVT-10,2.773
SUB-INL-054,EVT-10,2.7986
SUB-INL-055,EVT-10,4.1056
SUB-INL-056,EVT-10,2.6961
SUB-INL-057,EVT-10,2.9941
SUB-INL-058,EVT-10,3.3083
SUB-INL-059,EVT-10,0.7381
SUB-INL-060,EVT-10,2.873
SUB-INL-061,EVT-10,5.6296
SUB-INL-062,EVT-10,6.1629
SUB-INL-063,EVT-10,1.6968
SUB-INL-064,EVT-10,4.7166
SUB-INL-065,EVT-10,1.9333
SUB-INL-066,EVT-10,5.5915
SUB-INL-067,EVT-10,3.0002
SUB-INL-068,EVT-10,5.9306
SUB-INL-069,EVT-10,2.5187
SUB-INL-070,EVT-10,5.9961
SUB-INL-071,EVT-10,2.1249
SUB-INL-072,EVT-10,3.451
SUB-INL-073,EVT-10,1.4841
SUB-INL-074,EVT-10,2.9757
SUB-INL-075,EVT-10,3.9313
SUB-INL-076,EVT-10,5.8278
SUB-INL-077,EVT-10,0.976
SUB-INL-078,EVT-10,4.695
SUB-INL-079,EVT-10,5.6314
SUB-INL-080,EVT-10,5.6284
SUB-INL-081,EVT-10,3.1121
SUB-INL-082,EVT-10,3.5711
SUB-INL-083,EVT-10,3.7475
SUB-INL-084,EVT-10,2.2917
SUB-INL-085,EVT-10,2.7498
SUB-INL-086,EVT-10,3.4997
SUB-INL-087,EVT-10,1.0689
SUB-INL-088,EVT-10,3.3639
SUB-INL-089,EVT-10,3.2354
SUB-INL-090,EVT-10,4.453
SUB-INL-091,EVT-10,3.3174
SUB-INL-092,EVT-10,2.5467
SUB-INL-093,EVT-10,0.4875
SUB-INL-094,EVT-10,4.913
SUB-INL-095,EVT-10,1.4757
SUB-INL-096,EVT-10,0.4912
SUB-INL-097,EVT-10,4.7039
SUB-INL-098,EVT-10,5.0159
SUB-INL-099,EVT-10,5.1709
SUB-INL-100,EVT-10,4.7146
SUB-INL-101,EVT-10,1.6874
SUB-INL-102,EVT-10,1.6705
SUB-INL-103,EVT-10,4.4975
SUB-INL-104,EVT-10,2.318
SUB-INL-105,EVT-10,3.8086
SUB-INL-106,EVT-10,4.5505
SUB-INL-107,EVT-10,5.4907
SUB-INL-108,EVT-10,0.545
SUB-INL-109,EVT-10,3.0215
SUB-INL-110,EVT-10,3.9108
SUB-INL-111,EVT-10,4.9788
SUB-INL-112,EVT-10,2.6802
SUB-INL-113,EVT-10,2.4492
SUB-INL-114,EVT-10,5.4385
SUB-INL-115,EVT-10,1.852
SUB-INL-116,EVT-10,1.0774
SUB-INL-117,EVT-10,5.4668
SUB-INL-118,EVT-10,1.1946
SUB-INL-119,EVT-10,3.1409
SUB-INL-120,EVT-10,3.7451
SUB-INL-121,EVT-10,2.6983
SUB-INL-122,EVT-10,0.7702
SUB-INL-123,EVT-10,1.591
SUB-INL-124,EVT-10,2.1692
SUB-INL-125,EVT-10,1.1169
SUB-INL-126,EVT-10,0.6362
SUB-INL-127,EVT-10,1.5389
SUB-INL-128,EVT-10,5.1363
SUB-INL-129,EVT-10,5.9184
SUB-INL-130,EVT-10,2.2224
SUB-INL-131,EVT-10,3.5088
SUB-INL-132,EVT-10,2.0203
SUB-INL-133,EVT-10,1.577
SUB-INL-134,EVT-10,0.472
SUB-INL-135,EVT-10,4.0541
SUB-INL-136,EVT-10,3.0463
SUB-INL-137,EVT-10,5.2346
SUB-INL-138,EVT-10,3.6322
SUB-INL-139,EVT-10,1.199
SUB-INL-140,EVT-10,3.3572
SUB-INL-141,EVT-10,3.0809
SUB-INL-142,EVT-10,5.3409
SUB-INL-143,EVT-10,0.6313
SUB-INL-144,EVT-10,2.6793
SUB-INL-145,EVT-10,3.1434
SUB-INL-146,EVT-10,2.0197
SUB-INL-147,EVT-10,1.7833
SUB-INL-148,EVT-10,0.9076
SUB-INL-149,EVT-10,0.5717
SUB-INL-150,EVT-10,1.4618
SUB-INL-001,EVT-11,0.0
SUB-INL-002,EVT-11,0.0
SUB-INL-003,EVT-11,0.0
SUB-INL-004,EVT-11,0.0
SUB-INL-005,EVT-11,0.0
SUB-INL-006,EVT-11,0.0
SUB-INL-007,EVT-11,0.0
SUB-INL-008,EVT-11,0.0
SUB-INL-009,EVT-11,0.0
SUB-INL-010,EVT-11,0.0
SUB-INL-011,EVT-11,0.0
SUB-INL-012,EVT-11,0.0
SUB-INL-013,EVT-11,0.0
SUB-INL-014,EVT-11,0.0
SUB-INL-015,EVT-11,0.0
SUB-INL-016,EVT-11,0.0
SUB-INL-017,EVT-11,0.0
SUB-INL-018,EVT-11,0.0
SUB-INL-019,EVT-11,0.0
SUB-INL-020,EVT-11,0.0
SUB-INL-021,EVT-11,0.0
SUB-INL-022,EVT-11,0.0
SUB-INL-023,EVT-11,0.0
SUB-INL-024,EVT-11,0.0
SUB-INL-025,EVT-11,0.0
SUB-INL-026,EVT-11,0.0
SUB-INL-027,EVT-11,0.0
SUB-INL-028,EVT-11,0.0
SUB-INL-029,EVT-11,0.0
SUB-INL-030,EVT-11,0.0
SUB-INL-031,EVT-11,0.0
SUB-INL-032,EVT-11,0.0
SUB-INL-033,EVT-11,0.0
SUB-INL-034,EVT-11,0.0
SUB-INL-035,EVT-11,0.0
SUB-INL-036,EVT-11,0.0
SUB-INL-037,EVT-11,0.0
SUB-INL-038,EVT-11,0.0
SUB-INL-039,EVT-11,0.0
SUB-INL-040,EVT-11,0.0
SUB-INL-041,EVT-11,0.0
SUB-INL-042,EVT-11,0.0
SUB-INL-043,EVT-11,0.0
SUB-INL-044,EVT-11,0.0
SUB-INL-045,EVT-11,0.0
SUB-INL-046,EVT-11,0.0
SUB-INL-047,EVT-11,0.0
SUB-INL-048,EVT-11,0.0
SUB-INL-049,EVT-11,0.0
SUB-INL-050,EVT-11,0.0
SUB-INL-051,EVT-11,0.0
SUB-INL-052,EVT-11,0.0
SUB-INL-053,EVT-11,0.0
SUB-INL-054,EVT-11,0.0
SUB-INL-055,EVT-11,0.0
SUB-INL-056,EVT-11,0.0
SUB-INL-057,EVT-11,0.0
SUB-INL-058,EVT-11,0.0
SUB-INL-059,EVT-11,0.0
SUB-INL-060,EVT-11,0.0
SUB-INL-061,EVT-11,0.0
SUB-INL-062,EVT-11,0.0294
SUB-INL-063,EVT-11,0.0
SUB-INL-064,EVT-11,0.0
SUB-INL-065,EVT-11,0.0
SUB-INL-066,EVT-11,0.0013
SUB-INL-067,EVT-11,0.0
SUB-INL-068,EVT-11,0.0
SUB-INL-069,EVT-11,0.0
SUB-INL-070,EVT-11,0.0187
SUB-INL-071,EVT-11,0.0
SUB-INL-072,EVT-11,0.0
SUB-INL-073,EVT-11,0.0
SUB-INL-074,EVT-11,0.0
SUB-INL-075,EVT-11,0.0
SUB-INL-076,EVT-11,0.0
SUB-INL-077,EVT-11,0.0
SUB-INL-078,EVT-11,0.0
SUB-INL-079,EVT-11,0.0
SUB-INL-080,EVT-11,0.0
SUB-INL-081,EVT-11,0.0
SUB-INL-082,EVT-11,0.0
SUB-INL-083,EVT-11,0.0
SUB-INL-084,EVT-11,0.0
SUB-INL-085,EVT-11,0.0
SUB-INL-086,EVT-11,0.0
SUB-INL-087,EVT-11,0.0
SUB-INL-088,EVT-11,0.0
SUB-INL-089,EVT-11,0.0
SUB-INL-090,EVT-11,0.0
SUB-INL-091,EVT-11,0.0
SUB-INL-092,EVT-11,0.0
SUB-INL-093,EVT-11,0.0
SUB-INL-094,EVT-11,0.0
SUB-INL-095,EVT-11,0.0
SUB-INL-096,EVT-11,0.0
SUB-INL-097,EVT-11,0.0
SUB-INL-098,EVT-11,0.0
SUB-INL-099,EVT-11,0.0
SUB-INL-100,EVT-11,0.0
SUB-INL-101,EVT-11,0.0
SUB-INL-102,EVT-11,0.0
SUB-INL-103,EVT-11,0.0
SUB-INL-104,EVT-11,0.0
SUB-INL-105,EVT-11,0.0
SUB-INL-106,EVT-11,0.0
SUB-INL-107,EVT-11,0.0
SUB-INL-108,EVT-11,0.0
SUB-INL-109,EVT-11,0.0
SUB-INL-110,EVT-11,0.0
SUB-INL-111,EVT-11,0.0
SUB-INL-112,EVT-11,0.0
SUB-INL-113,EVT-11,0.0
SUB-INL-114,EVT-11,0.0
SUB-INL-115,EVT-11,0.0
SUB-INL-116,EVT-11,0.0
SUB-INL-117,EVT-11,0.0
SUB-INL-118,EVT-11,0.0
SUB-INL-119,EVT-11,0.0
SUB-INL-120,EVT-11,0.0
SUB-INL-121,EVT-11,0.0
SUB-INL-122,EVT-11,0.0
SUB-INL-123,EVT-11,0.0
SUB-INL-124,EVT-11,0.0
SUB-INL-125,EVT-11,0.0
SUB-INL-126,EVT-11,0.0
SUB-INL-127,EVT-11,0.0
SUB-INL-128,EVT-11,0.0
SUB-INL-129,EVT-11,0.0142
SUB-INL-130,EVT-11,0.0
SUB-INL-131,EVT-11,0.0
SUB-INL-132,EVT-11,0.0
SUB-INL-133,EVT-11,0.0
SUB-INL-134,EVT-11,0.0
SUB-INL-135,EVT-11,0.0
SUB-INL-136,EVT-11,0.0
SUB-INL-137,EVT-11,0.0018
SUB-INL-138,EVT-11,0.0
SUB-INL-139,EVT-11,0.0
SUB-INL-140,EVT-11,0.0
SUB-INL-141,EVT-11,0.0
SUB-INL-142,EVT-11,0.0
SUB-INL-143,EVT-11,0.0
SUB-INL-144,EVT-11,0.0
SUB-INL-145,EVT-11,0.0
SUB-INL-146,EVT-11,0.0
SUB-INL-147,EVT-11,0.0
SUB-INL-148,EVT-11,0.0
SUB-INL-149,EVT-11,0.0
SUB-INL-150,EVT-11,0.0
SUB-INL-001,EVT-12,2.3269
SUB-INL-002,EVT-12,0.6829
SUB-INL-003,EVT-12,0.95
SUB-INL-004,EVT-12,1.3284
SUB-INL-005,EVT-12,1.6828
SUB-INL-006,EVT-12,1.1845
SUB-INL-007,EVT-12,0.0
SUB-INL-008,EVT-12,0.9177
SUB-INL-009,EVT-12,1.8622
SUB-INL-010,EVT-12,0.0
SUB-INL-011,EVT-12,1.8885
SUB-INL-012,EVT-12,1.4974
SUB-INL-013,EVT-12,1.0256
SUB-INL-014,EVT-12,2.2288
SUB-INL-015,EVT-12,1.4391
SUB-INL-016,EVT-12,0.925
SUB-INL-017,EVT-12,1.2192
SUB-INL-018,EVT-12,2.6608
SUB-INL-019,EVT-12,2.8986
SUB-INL-020,EVT-12,1.1301
SUB-INL-021,EVT-12,0.3604
SUB-INL-022,EVT-12,0.9662
SUB-INL-023,EVT-12,0.0308
SUB-INL-024,EVT-12,1.6013
SUB-INL-025,EVT-12,0.2159
SUB-INL-026,EVT-12,1.1817
SUB-INL-027,EVT-12,0.0008
SUB-INL-028,EVT-12,0.7156
SUB-INL-029,EVT-12,0.2523
SUB-INL-030,EVT-12,0.7542
SUB-INL-031,EVT-12,0.5597
SUB-INL-032,EVT-12,1.2551
SUB-INL-033,EVT-12,2.7295
SUB-INL-034,EVT-12,0.2602
SUB-INL-035,EVT-12,0.4709
SUB-INL-036,EVT-12,1.1277
SUB-INL-037,EVT-12,0.8568
SUB-INL-038,EVT-12,0.1458
SUB-INL-039,EVT-12,1.5619
SUB-INL-040,EVT-12,2.0867
SUB-INL-041,EVT-12,0.0
SUB-INL-042,EVT-12,0.4398
SUB-INL-043,EVT-12,1.203
SUB-INL-044,EVT-12,0.9121
SUB-INL-045,EVT-12,0.0
SUB-INL-046,EVT-12,2.4927
SUB-INL-047,EVT-12,2.1527
SUB-INL-048,EVT-12,2.6474
SUB-INL-049,EVT-12,1.3412
SUB-INL-050,EVT-12,0.8723
SUB-INL-051,EVT-12,1.0273
SUB-INL-052,EVT-12,1.8625
SUB-INL-053,EVT-12,0.9251
SUB-INL-054,EVT-12,0.9036
SUB-INL-055,EVT-12,1.5654
SUB-INL-056,EVT-12,0.7503
SUB-INL-057,EVT-12,0.9703
SUB-INL-058,EVT-12,1.187
SUB-INL-059,EVT-12,0.0081
SUB-INL-060,EVT-12,0.9664
SUB-INL-061,EVT-12,2.6475
SUB-INL-062,EVT-12,3.0568
SUB-INL-063,EVT-12,0.3311
SUB-INL-064,EVT-12,1.9848
SUB-INL-065,EVT-12,0.3814
SUB-INL-066,EVT-12,2.6399
SUB-INL-067,EVT-12,0.9198
SUB-INL-068,EVT-12,2.8507
SUB-INL-069,EVT-12,0.7169
SUB-INL-070,EVT-12,2.9336
SUB-INL-071,EVT-12,0.5046
SUB-INL-072,EVT-12,1.1948
SUB-INL-073,EVT-12,0.3143
SUB-INL-074,EVT-12,0.9491
SUB-INL-075,EVT-12,1.558
SUB-INL-076,EVT-12,2.7894
SUB-INL-077,EVT-12,0.1238
SUB-INL-078,EVT-12,2.0862
SUB-INL-079,EVT-12,2.623
SUB-INL-080,EVT-12,2.6158
SUB-INL-081,EVT-12,1.1074
SUB-INL-082,EVT-12,1.2857
SUB-INL-083,EVT-12,1.4218
SUB-INL-084,EVT-12,0.6405
SUB-INL-085,EVT-12,0.9194
SUB-INL-086,EVT-12,1.3257
SUB-INL-087,EVT-12,0.1145
SUB-INL-088,EVT-12,1.1961
SUB-INL-089,EVT-12,1.0198
SUB-INL-090,EVT-12,1.8287
SUB-INL-091,EVT-12,1.2312
SUB-INL-092,EVT-12,0.7073
SUB-INL-093,EVT-12,0.0
SUB-INL-094,EVT-12,2.1239
SUB-INL-095,EVT-12,0.2555
SUB-INL-096,EVT-12,0.0009
SUB-INL-097,EVT-12,1.9994
SUB-INL-098,EVT-12,2.2114
SUB-INL-099,EVT-12,2.3526
SUB-INL-100,EVT-12,2.0109
SUB-INL-101,EVT-12,0.3303
SUB-INL-102,EVT-12,0.378
SUB-INL-103,EVT-12,1.9319
SUB-INL-104,EVT-12,0.7813
SUB-INL-105,EVT-12,1.3672
SUB-INL-106,EVT-12,1.8969
SUB-INL-107,EVT-12,2.5512
SUB-INL-108,EVT-12,0.0026
SUB-INL-109,EVT-12,1.1191
SUB-INL-110,EVT-12,1.4384
SUB-INL-111,EVT-12,2.1911
SUB-INL-112,EVT-12,0.7636
SUB-INL-113,EVT-12,0.7299
SUB-INL-114,EVT-12,2.4768
SUB-INL-115,EVT-12,0.4536
SUB-INL-116,EVT-12,0.1231
SUB-INL-117,EVT-12,2.5079
SUB-INL-118,EVT-12,0.173
SUB-INL-119,EVT-12,1.0528
SUB-INL-120,EVT-12,1.4184
SUB-INL-121,EVT-12,0.7463
SUB-INL-122,EVT-12,0.0621
SUB-INL-123,EVT-12,0.3566
SUB-INL-124,EVT-12,0.605
SUB-INL-125,EVT-12,0.1509
SUB-INL-126,EVT-12,0.0169
SUB-INL-127,EVT-12,0.3204
SUB-INL-128,EVT-12,2.2945
SUB-INL-129,EVT-12,2.8762
SUB-INL-130,EVT-12,0.6293
SUB-INL-131,EVT-12,1.3469
SUB-INL-132,EVT-12,0.6509
SUB-INL-133,EVT-12,0.3442
SUB-INL-134,EVT-12,0.0
SUB-INL-135,EVT-12,1.5588
SUB-INL-136,EVT-12,0.9904
SUB-INL-137,EVT-12,2.4284
SUB-INL-138,EVT-12,1.4339
SUB-INL-139,EVT-12,0.1296
SUB-INL-140,EVT-12,1.2614
SUB-INL-141,EVT-12,1.0062
SUB-INL-142,EVT-12,2.4477
SUB-INL-143,EVT-12,0.0099
SUB-INL-144,EVT-12,0.8855
SUB-INL-145,EVT-12,1.042
SUB-INL-146,EVT-12,0.5325
SUB-INL-147,EVT-12,0.4647
SUB-INL-148,EVT-12,0.1123
SUB-INL-149,EVT-12,0.0029
SUB-INL-150,EVT-12,0.3577
SUB-INL-001,EVT-13,1.384
SUB-INL-002,EVT-13,0.5914
SUB-INL-003,EVT-13,0.8295
SUB-INL-004,EVT-13,0.9296
SUB-INL-005,EVT-13,1.0607
SUB-INL-006,EVT-13,0.8918
SUB-INL-007,EVT-13,0.1564
SUB-INL-008,EVT-13,0.7745
SUB-INL-009,EVT-13,1.2356
SUB-INL-010,EVT-13,0.0808
SUB-INL-011,EVT-13,1.0706
SUB-INL-012,EVT-13,1.0857
SUB-INL-013,EVT-13,0.7674
SUB-INL-014,EVT-13,1.3977
SUB-INL-015,EVT-13,1.0985
SUB-INL-016,EVT-13,0.6926
SUB-INL-017,EVT-13,1.0353
SUB-INL-018,EVT-13,1.3638
SUB-INL-019,EVT-13,1.5899
SUB-INL-020,EVT-13,0.8709
SUB-INL-021,EVT-13,0.4505
SUB-INL-022,EVT-13,0.74
SUB-INL-023,EVT-13,0.2658
SUB-INL-024,EVT-13,0.9953
SUB-INL-025,EVT-13,0.3773
SUB-INL-026,EVT-13,0.9806
SUB-INL-027,EVT-13,0.1877
SUB-INL-028,EVT-13,0.5789
SUB-INL-029,EVT-13,0.3397
SUB-INL-030,EVT-13,0.6329
SUB-INL-031,EVT-13,0.6457
SUB-INL-032,EVT-13,0.873
SUB-INL-033,EVT-13,1.3969
SUB-INL-034,EVT-13,0.38
SUB-INL-035,EVT-13,0.4915
SUB-INL-036,EVT-13,0.827
SUB-INL-037,EVT-13,0.7317
SUB-INL-038,EVT-13,0.3587
SUB-INL-039,EVT-13,1.2258
SUB-INL-040,EVT-13,1.2144
SUB-INL-041,EVT-13,0.154
SUB-INL-042,EVT-13,0.4864
SUB-INL-043,EVT-13,0.9979
SUB-INL-044,EVT-13,0.7111
SUB-INL-045,EVT-13,0.0446
SUB-INL-046,EVT-13,1.3964
SUB-INL-047,EVT-13,1.2847
SUB-INL-048,EVT-13,1.4271
SUB-INL-049,EVT-13,0.795
SUB-INL-050,EVT-13,0.8044
SUB-INL-051,EVT-13,0.793
SUB-INL-052,EVT-13,1.2522
SUB-INL-053,EVT-13,0.7977
SUB-INL-054,EVT-13,0.7528
SUB-INL-055,EVT-13,0.9274
SUB-INL-056,EVT-13,0.573
SUB-INL-057,EVT-13,0.7505
SUB-INL-058,EVT-13,0.9108
SUB-INL-059,EVT-13,0.1415
SUB-INL-060,EVT-13,0.8095
SUB-INL-061,EVT-13,1.5381
SUB-INL-062,EVT-13,1.8772
SUB-INL-063,EVT-13,0.3925
SUB-INL-064,EVT-13,1.1128
SUB-INL-065,EVT-13,0.3781
SUB-INL-066,EVT-13,1.6512
SUB-INL-067,EVT-13,0.6644
SUB-INL-068,EVT-13,1.5311
SUB-INL-069,EVT-13,0.6104
SUB-INL-070,EVT-13,1.8079
SUB-INL-071,EVT-13,0.4762
SUB-INL-072,EVT-13,0.8257
SUB-INL-073,EVT-13,0.4443
SUB-INL-074,EVT-13,0.7282
SUB-INL-075,EVT-13,1.1138
SUB-INL-076,EVT-13,1.5931
SUB-INL-077,EVT-13,0.3361
SUB-INL-078,EVT-13,1.471
SUB-INL-079,EVT-13,1.3567
SUB-INL-080,EVT-13,1.3208
SUB-INL-081,EVT-13,0.8993
SUB-INL-082,EVT-13,0.8973
SUB-INL-083,EVT-13,1.0078
SUB-INL-084,EVT-13,0.601
SUB-INL-085,EVT-13,0.8006
SUB-INL-086,EVT-13,1.0186
SUB-INL-087,EVT-13,0.2764
SUB-INL-088,EVT-13,0.8902
SUB-INL-089,EVT-13,0.673
SUB-INL-090,EVT-13,1.1482
SUB-INL-091,EVT-13,0.9775
SUB-INL-092,EVT-13,0.5829
SUB-INL-093,EVT-13,0.1476
SUB-INL-094,EVT-13,1.1868
SUB-INL-095,EVT-13,0.3587
SUB-INL-096,EVT-13,0.2033
SUB-INL-097,EVT-13,1.2329
SUB-INL-098,EVT-13,1.32
SUB-INL-099,EVT-13,1.519
SUB-INL-100,EVT-13,1.2528
SUB-INL-101,EVT-13,0.3944
SUB-INL-102,EVT-13,0.4681
SUB-INL-103,EVT-13,1.3425
SUB-INL-104,EVT-13,0.7938
SUB-INL-105,EVT-13,0.8307
SUB-INL-106,EVT-13,1.1891
SUB-INL-107,EVT-13,1.5112
SUB-INL-108,EVT-13,0.2023
SUB-INL-109,EVT-13,0.9665
SUB-INL-110,EVT-13,0.8747
SUB-INL-111,EVT-13,1.339
SUB-INL-112,EVT-13,0.6012
SUB-INL-113,EVT-13,0.6619
SUB-INL-114,EVT-13,1.2479
SUB-INL-115,EVT-13,0.5077
SUB-INL-116,EVT-13,0.2885
SUB-INL-117,EVT-13,1.3299
SUB-INL-118,EVT-13,0.3298
SUB-INL-119,EVT-13,0.7947
SUB-INL-120,EVT-13,1.0035
SUB-INL-121,EVT-13,0.5654
SUB-INL-122,EVT-13,0.3016
SUB-INL-123,EVT-13,0.4671
SUB-INL-124,EVT-13,0.6008
SUB-INL-125,EVT-13,0.3227
SUB-INL-126,EVT-13,0.2364
SUB-INL-127,EVT-13,0.4323
SUB-INL-128,EVT-13,1.3513
SUB-INL-129,EVT-13,1.7747
SUB-INL-130,EVT-13,0.6135
SUB-INL-131,EVT-13,1.0477
SUB-INL-132,EVT-13,0.7306
SUB-INL-133,EVT-13,0.454
SUB-INL-134,EVT-13,0.1488
SUB-INL-135,EVT-13,0.9951
SUB-INL-136,EVT-13,0.7518
SUB-INL-137,EVT-13,1.635
SUB-INL-138,EVT-13,1.1121
SUB-INL-139,EVT-13,0.2583
SUB-INL-140,EVT-13,1.0022
SUB-INL-141,EVT-13,0.7559
SUB-INL-142,EVT-13,1.476
SUB-INL-143,EVT-13,0.2104
SUB-INL-144,EVT-13,0.7839
SUB-INL-145,EVT-13,0.775
SUB-INL-146,EVT-13,0.5557
SUB-INL-147,EVT-13,0.5502
SUB-INL-148,EVT-13,0.3519
SUB-INL-149,EVT-13,0.185
SUB-INL-150,EVT-13,0.5261
SUB-INL-001,EVT-14,1.1134
SUB-INL-002,EVT-14,0.4284
SUB-INL-003,EVT-14,0.6301
SUB-INL-004,EVT-14,0.7177
SUB-INL-005,EVT-14,0.8316
SUB-INL-006,EVT-14,0.6852
SUB-INL-007,EVT-14,0.0766
SUB-INL-008,EVT-14,0.5835
SUB-INL-009,EVT-14,0.9822
SUB-INL-010,EVT-14,0.0262
SUB-INL-011,EVT-14,0.8404
SUB-INL-012,EVT-14,0.8522
SUB-INL-013,EVT-14,0.5779
SUB-INL-014,EVT-14,1.1238
SUB-INL-015,EVT-14,0.8616
SUB-INL-016,EVT-14,0.5151
SUB-INL-017,EVT-14,0.8063
SUB-INL-018,EVT-14,1.0965
SUB-INL-019,EVT-14,1.2941
SUB-INL-020,EVT-14,0.667
SUB-INL-021,EVT-14,0.3097
SUB-INL-022,EVT-14,0.555
SUB-INL-023,EVT-14,0.1606
SUB-INL-024,EVT-14,0.7755
SUB-INL-025,EVT-14,0.2491
SUB-INL-026,EVT-14,0.7586
SUB-INL-027,EVT-14,0.0987
SUB-INL-028,EVT-14,0.4176
SUB-INL-029,EVT-14,0.2174
SUB-INL-030,EVT-14,0.464
SUB-INL-031,EVT-14,0.4728
SUB-INL-032,EVT-14,0.669
SUB-INL-033,EVT-14,1.1254
SUB-INL-034,EVT-14,0.2507
SUB-INL-035,EVT-14,0.3445
SUB-INL-036,EVT-14,0.6289
SUB-INL-037,EVT-14,0.5473
SUB-INL-038,EVT-14,0.2349
SUB-INL-039,EVT-14,0.9699
SUB-INL-040,EVT-14,0.966
SUB-INL-041,EVT-14,0.075
SUB-INL-042,EVT-14,0.3403
SUB-INL-043,EVT-14,0.7737
SUB-INL-044,EVT-14,0.5309
SUB-INL-045,EVT-14,0.0103
SUB-INL-046,EVT-14,1.1251
SUB-INL-047,EVT-14,1.0271
SUB-INL-048,EVT-14,1.1512
SUB-INL-049,EVT-14,0.6011
SUB-INL-050,EVT-14,0.6088
SUB-INL-051,EVT-14,0.5999
SUB-INL-052,EVT-14,0.9965
SUB-INL-053,EVT-14,0.6036
SUB-INL-054,EVT-14,0.5648
SUB-INL-055,EVT-14,0.7165
SUB-INL-056,EVT-14,0.4125
SUB-INL-057,EVT-14,0.564
SUB-INL-058,EVT-14,0.701
SUB-INL-059,EVT-14,0.0649
SUB-INL-060,EVT-14,0.6135
SUB-INL-061,EVT-14,1.2459
SUB-INL-062,EVT-14,1.5385
SUB-INL-063,EVT-14,0.2617
SUB-INL-064,EVT-14,0.8772
SUB-INL-065,EVT-14,0.2499
SUB-INL-066,EVT-14,1.3425
SUB-INL-067,EVT-14,0.4909
SUB-INL-068,EVT-14,1.2419
SUB-INL-069,EVT-14,0.4447
SUB-INL-070,EVT-14,1.4788
SUB-INL-071,EVT-14,0.3318
SUB-INL-072,EVT-14,0.6273
SUB-INL-073,EVT-14,0.3037
SUB-INL-074,EVT-14,0.5452
SUB-INL-075,EVT-14,0.8766
SUB-INL-076,EVT-14,1.2951
SUB-INL-077,EVT-14,0.2164
SUB-INL-078,EVT-14,1.1825
SUB-INL-079,EVT-14,1.0903
SUB-INL-080,EVT-14,1.0585
SUB-INL-081,EVT-14,0.6898
SUB-INL-082,EVT-14,0.69
SUB-INL-083,EVT-14,0.7849
SUB-INL-084,EVT-14,0.4366
SUB-INL-085,EVT-14,0.6061
SUB-INL-086,EVT-14,0.7916
SUB-INL-087,EVT-14,0.1671
SUB-INL-088,EVT-14,0.6839
SUB-INL-089,EVT-14,0.4976
SUB-INL-090,EVT-14,0.9073
SUB-INL-091,EVT-14,0.7565
SUB-INL-092,EVT-14,0.4211
SUB-INL-093,EVT-14,0.07
SUB-INL-094,EVT-14,0.9425
SUB-INL-095,EVT-14,0.233
SUB-INL-096,EVT-14,0.1116
SUB-INL-097,EVT-14,0.9822
SUB-INL-098,EVT-14,1.0578
SUB-INL-099,EVT-14,1.2273
SUB-INL-100,EVT-14,0.9994
SUB-INL-101,EVT-14,0.2633
SUB-INL-102,EVT-14,0.3241
SUB-INL-103,EVT-14,1.0738
SUB-INL-104,EVT-14,0.5972
SUB-INL-105,EVT-14,0.6321
SUB-INL-106,EVT-14,0.9435
SUB-INL-107,EVT-14,1.2226
SUB-INL-108,EVT-14,0.11
SUB-INL-109,EVT-14,0.7463
SUB-INL-110,EVT-14,0.6709
SUB-INL-111,EVT-14,1.0743
SUB-INL-112,EVT-14,0.437
SUB-INL-113,EVT-14,0.4882
SUB-INL-114,EVT-14,0.9943
SUB-INL-115,EVT-14,0.3575
SUB-INL-116,EVT-14,0.177
SUB-INL-117,EVT-14,1.0666
SUB-INL-118,EVT-14,0.2091
SUB-INL-119,EVT-14,0.6011
SUB-INL-120,EVT-14,0.7812
SUB-INL-121,EVT-14,0.4061
SUB-INL-122,EVT-14,0.189
SUB-INL-123,EVT-14,0.3228
SUB-INL-124,EVT-14,0.4363
SUB-INL-125,EVT-14,0.2043
SUB-INL-126,EVT-14,0.137
SUB-INL-127,EVT-14,0.294
SUB-INL-128,EVT-14,1.0849
SUB-INL-129,EVT-14,1.4502
SUB-INL-130,EVT-14,0.4471
SUB-INL-131,EVT-14,0.8171
SUB-INL-132,EVT-14,0.5458
SUB-INL-133,EVT-14,0.312
SUB-INL-134,EVT-14,0.0711
SUB-INL-135,EVT-14,0.7757
SUB-INL-136,EVT-14,0.5649
SUB-INL-137,EVT-14,1.3263
SUB-INL-138,EVT-14,0.8735
SUB-INL-139,EVT-14,0.152
SUB-INL-140,EVT-14,0.7775
SUB-INL-141,EVT-14,0.5683
SUB-INL-142,EVT-14,1.1925
SUB-INL-143,EVT-14,0.1163
SUB-INL-144,EVT-14,0.5918
SUB-INL-145,EVT-14,0.5843
SUB-INL-146,EVT-14,0.398
SUB-INL-147,EVT-14,0.3918
SUB-INL-148,EVT-14,0.2299
SUB-INL-149,EVT-14,0.0963
SUB-INL-150,EVT-14,0.373
SUB-INL-001,EVT-15,1.3914
SUB-INL-002,EVT-15,0.2441
SUB-INL-003,EVT-15,0.4501
SUB-INL-004,EVT-15,0.6886
SUB-INL-005,EVT-15,0.9251
SUB-INL-006,EVT-15,0.598
SUB-INL-007,EVT-15,0.0
SUB-INL-008,EVT-15,0.4174
SUB-INL-009,EVT-15,1.0883
SUB-INL-010,EVT-15,0.0
SUB-INL-011,EVT-15,1.027
SUB-INL-012,EVT-15,0.8338
SUB-INL-013,EVT-15,0.4709
SUB-INL-014,EVT-15,1.3485
SUB-INL-015,EVT-15,0.8045
SUB-INL-016,EVT-15,0.3956
SUB-INL-017,EVT-15,0.66
SUB-INL-018,EVT-15,1.5648
SUB-INL-019,EVT-15,1.7839
SUB-INL-020,EVT-15,0.5615
SUB-INL-021,EVT-15,0.0693
SUB-INL-022,EVT-15,0.4322
SUB-INL-023,EVT-15,0.0
SUB-INL-024,EVT-15,0.8555
SUB-INL-025,EVT-15,0.0196
SUB-INL-026,EVT-15,0.6235
SUB-INL-027,EVT-15,0.0
SUB-INL-028,EVT-15,0.2561
SUB-INL-029,EVT-15,0.0224
SUB-INL-030,EVT-15,0.2908
SUB-INL-031,EVT-15,0.1981
SUB-INL-032,EVT-15,0.6304
SUB-INL-033,EVT-15,1.6175
SUB-INL-034,EVT-15,0.0283
SUB-INL-035,EVT-15,0.1197
SUB-INL-036,EVT-15,0.5454
SUB-INL-037,EVT-15,0.3732
SUB-INL-038,EVT-15,0.0081
SUB-INL-039,EVT-15,0.9152
SUB-INL-040,EVT-15,1.1926
SUB-INL-041,EVT-15,0.0
SUB-INL-042,EVT-15,0.1059
SUB-INL-043,EVT-15,0.6405
SUB-INL-044,EVT-15,0.3957
SUB-INL-045,EVT-15,0.0
SUB-INL-046,EVT-15,1.4823
SUB-INL-047,EVT-15,1.2584
SUB-INL-048,EVT-15,1.5796
SUB-INL-049,EVT-15,0.6403
SUB-INL-050,EVT-15,0.4016
SUB-INL-051,EVT-15,0.4808
SUB-INL-052,EVT-15,1.0949
SUB-INL-053,EVT-15,0.4279
SUB-INL-054,EVT-15,0.4039
SUB-INL-055,EVT-15,0.8058
SUB-INL-056,EVT-15,0.2704
SUB-INL-057,EVT-15,0.4378
SUB-INL-058,EVT-15,0.6055
SUB-INL-059,EVT-15,0.0
SUB-INL-060,EVT-15,0.4538
SUB-INL-061,EVT-15,1.6253
SUB-INL-062,EVT-15,1.9857
SUB-INL-063,EVT-15,0.0496
SUB-INL-064,EVT-15,1.0932
SUB-INL-065,EVT-15,0.0635
SUB-INL-066,EVT-15,1.6721
SUB-INL-067,EVT-15,0.3838
SUB-INL-068,EVT-15,1.735
SUB-INL-069,EVT-15,0.2658
SUB-INL-070,EVT-15,1.8917
SUB-INL-071,EVT-15,0.1308
SUB-INL-072,EVT-15,0.5816
SUB-INL-073,EVT-15,0.0517
SUB-INL-074,EVT-15,0.4199
SUB-INL-075,EVT-15,0.8778
SUB-INL-076,EVT-15,1.7236
SUB-INL-077,EVT-15,0.0042
SUB-INL-078,EVT-15,1.2968
SUB-INL-079,EVT-15,1.5399
SUB-INL-080,EVT-15,1.5239
SUB-INL-081,EVT-15,0.5577
SUB-INL-082,EVT-15,0.655
SUB-INL-083,EVT-15,0.7657
SUB-INL-084,EVT-15,0.2255
SUB-INL-085,EVT-15,0.4255
SUB-INL-086,EVT-15,0.7153
SUB-INL-087,EVT-15,0.0012
SUB-INL-088,EVT-15,0.6039
SUB-INL-089,EVT-15,0.4368
SUB-INL-090,EVT-15,1.0357
SUB-INL-091,EVT-15,0.6499
SUB-INL-092,EVT-15,0.2534
SUB-INL-093,EVT-15,0.0
SUB-INL-094,EVT-15,1.1974
SUB-INL-095,EVT-15,0.0252
SUB-INL-096,EVT-15,0.0
SUB-INL-097,EVT-15,1.1591
SUB-INL-098,EVT-15,1.304
SUB-INL-099,EVT-15,1.4645
SUB-INL-100,EVT-15,1.174
SUB-INL-101,EVT-15,0.0496
SUB-INL-102,EVT-15,0.0788
SUB-INL-103,EVT-15,1.1652
SUB-INL-104,EVT-15,0.3499
SUB-INL-105,EVT-15,0.6694
SUB-INL-106,EVT-15,1.0884
SUB-INL-107,EVT-15,1.5638
SUB-INL-108,EVT-15,0.0
SUB-INL-109,EVT-15,0.5838
SUB-INL-110,EVT-15,0.7229
SUB-INL-111,EVT-15,1.3033
SUB-INL-112,EVT-15,0.2861
SUB-INL-113,EVT-15,0.2862
SUB-INL-114,EVT-15,1.4162
SUB-INL-115,EVT-15,0.1157
SUB-INL-116,EVT-15,0.0021
SUB-INL-117,EVT-15,1.4637
SUB-INL-118,EVT-15,0.0095
SUB-INL-119,EVT-15,0.4944
SUB-INL-120,EVT-15,0.7624
SUB-INL-121,EVT-15,0.266
SUB-INL-122,EVT-15,0.0
SUB-INL-123,EVT-15,0.0706
SUB-INL-124,EVT-15,0.2087
SUB-INL-125,EVT-15,0.0061
SUB-INL-126,EVT-15,0.0
SUB-INL-127,EVT-15,0.0519
SUB-INL-128,EVT-15,1.36
SUB-INL-129,EVT-15,1.8475
SUB-INL-130,EVT-15,0.2235
SUB-INL-131,EVT-15,0.7364
SUB-INL-132,EVT-15,0.2654
SUB-INL-133,EVT-15,0.064
SUB-INL-134,EVT-15,0.0
SUB-INL-135,EVT-15,0.8344
SUB-INL-136,EVT-15,0.448
SUB-INL-137,EVT-15,1.5505
SUB-INL-138,EVT-15,0.8059
SUB-INL-139,EVT-15,0.0014
SUB-INL-140,EVT-15,0.6741
SUB-INL-141,EVT-15,0.4571
SUB-INL-142,EVT-15,1.4948
SUB-INL-143,EVT-15,0.0
SUB-INL-144,EVT-15,0.4021
SUB-INL-145,EVT-15,0.4821
SUB-INL-146,EVT-15,0.163
SUB-INL-147,EVT-15,0.1312
SUB-INL-148,EVT-15,0.0039
SUB-INL-149,EVT-15,0.0
SUB-INL-150,EVT-15,0.0808
SUB-INL-001,EVT-16,0.0309
SUB-INL-002,EVT-16,0.0
SUB-INL-003,EVT-16,0.0
SUB-INL-004,EVT-16,0.0
SUB-INL-005,EVT-16,0.0
SUB-INL-006,EVT-16,0.0
SUB-INL-007,EVT-16,0.0
SUB-INL-008,EVT-16,0.0
SUB-INL-009,EVT-16,0.0066
SUB-INL-010,EVT-16,0.0
SUB-INL-011,EVT-16,0.0
SUB-INL-012,EVT-16,0.0
SUB-INL-013,EVT-16,0.0
SUB-INL-014,EVT-16,0.0357
SUB-INL-015,EVT-16,0.0
SUB-INL-016,EVT-16,0.0
SUB-INL-017,EVT-16,0.0
SUB-INL-018,EVT-16,0.0223
SUB-INL-019,EVT-16,0.082
SUB-INL-020,EVT-16,0.0
SUB-INL-021,EVT-16,0.0
SUB-INL-022,EVT-16,0.0
SUB-INL-023,EVT-16,0.0
SUB-INL-024,EVT-16,0.0
SUB-INL-025,EVT-16,0.0
SUB-INL-026,EVT-16,0.0
SUB-INL-027,EVT-16,0.0
SUB-INL-028,EVT-16,0.0
SUB-INL-029,EVT-16,0.0
SUB-INL-030,EVT-16,0.0
SUB-INL-031,EVT-16,0.0
SUB-INL-032,EVT-16,0.0
SUB-INL-033,EVT-16,0.0291
SUB-INL-034,EVT-16,0.0
SUB-INL-035,EVT-16,0.0
SUB-INL-036,EVT-16,0.0
SUB-INL-037,EVT-16,0.0
SUB-INL-038,EVT-16,0.0
SUB-INL-039,EVT-16,0.0084
SUB-INL-040,EVT-16,0.0037
SUB-INL-041,EVT-16,0.0
SUB-INL-042,EVT-16,0.0
SUB-INL-043,EVT-16,0.0
SUB-INL-044,EVT-16,0.0
SUB-INL-045,EVT-16,0.0
SUB-INL-046,EVT-16,0.0319
SUB-INL-047,EVT-16,0.0119
SUB-INL-048,EVT-16,0.0377
SUB-INL-049,EVT-16,0.0
SUB-INL-050,EVT-16,0.0
SUB-INL-051,EVT-16,0.0
SUB-INL-052,EVT-16,0.009
SUB-INL-053,EVT-16,0.0
SUB-INL-054,EVT-16,0.0
SUB-INL-055,EVT-16,0.0
SUB-INL-056,EVT-16,0.0
SUB-INL-057,EVT-16,0.0
SUB-INL-058,EVT-16,0.0
SUB-INL-059,EVT-16,0.0
SUB-INL-060,EVT-16,0.0
SUB-INL-061,EVT-16,0.069
SUB-INL-062,EVT-16,0.1774
SUB-INL-063,EVT-16,0.0
SUB-INL-064,EVT-16,0.0
SUB-INL-065,EVT-16,0.0
SUB-INL-066,EVT-16,0.1033
SUB-INL-067,EVT-16,0.0
SUB-INL-068,EVT-16,0.0647
SUB-INL-069,EVT-16,0.0
SUB-INL-070,EVT-16,0.1547
SUB-INL-071,EVT-16,0.0
SUB-INL-072,EVT-16,0.0
SUB-INL-073,EVT-16,0.0
SUB-INL-074,EVT-16,0.0
SUB-INL-075,EVT-16,0.0
SUB-INL-076,EVT-16,0.0844
SUB-INL-077,EVT-16,0.0
SUB-INL-078,EVT-16,0.0561
SUB-INL-079,EVT-16,0.0213
SUB-INL-080,EVT-16,0.0141
SUB-INL-081,EVT-16,0.0
SUB-INL-082,EVT-16,0.0
SUB-INL-083,EVT-16,0.0
SUB-INL-084,EVT-16,0.0
SUB-INL-085,EVT-16,0.0
SUB-INL-086,EVT-16,0.0
SUB-INL-087,EVT-16,0.0
SUB-INL-088,EVT-16,0.0
SUB-INL-089,EVT-16,0.0
SUB-INL-090,EVT-16,0.0006
SUB-INL-091,EVT-16,0.0
SUB-INL-092,EVT-16,0.0
SUB-INL-093,EVT-16,0.0
SUB-INL-094,EVT-16,0.002
SUB-INL-095,EVT-16,0.0
SUB-INL-096,EVT-16,0.0
SUB-INL-097,EVT-16,0.0055
SUB-INL-098,EVT-16,0.0179
SUB-INL-099,EVT-16,0.0662
SUB-INL-100,EVT-16,0.008
SUB-INL-101,EVT-16,0.0
SUB-INL-102,EVT-16,0.0
SUB-INL-103,EVT-16,0.026
SUB-INL-104,EVT-16,0.0
SUB-INL-105,EVT-16,0.0
SUB-INL-106,EVT-16,0.0025
SUB-INL-107,EVT-16,0.0619
SUB-INL-108,EVT-16,0.0
SUB-INL-109,EVT-16,0.0
SUB-INL-110,EVT-16,0.0
SUB-INL-111,EVT-16,0.0221
SUB-INL-112,EVT-16,0.0
SUB-INL-113,EVT-16,0.0
SUB-INL-114,EVT-16,0.0051
SUB-INL-115,EVT-16,0.0
SUB-INL-116,EVT-16,0.0
SUB-INL-117,EVT-16,0.0171
SUB-INL-118,EVT-16,0.0
SUB-INL-119,EVT-16,0.0
SUB-INL-120,EVT-16,0.0
SUB-INL-121,EVT-16,0.0
SUB-INL-122,EVT-16,0.0
SUB-INL-123,EVT-16,0.0
SUB-INL-124,EVT-16,0.0
SUB-INL-125,EVT-16,0.0
SUB-INL-126,EVT-16,0.0
SUB-INL-127,EVT-16,0.0
SUB-INL-128,EVT-16,0.0235
SUB-INL-129,EVT-16,0.1437
SUB-INL-130,EVT-16,0.0
SUB-INL-131,EVT-16,0.0
SUB-INL-132,EVT-16,0.0
SUB-INL-133,EVT-16,0.0
SUB-INL-134,EVT-16,0.0
SUB-INL-135,EVT-16,0.0
SUB-INL-136,EVT-16,0.0
SUB-INL-137,EVT-16,0.1013
SUB-INL-138,EVT-16,0.0001
SUB-INL-139,EVT-16,0.0
SUB-INL-140,EVT-16,0.0
SUB-INL-141,EVT-16,0.0
SUB-INL-142,EVT-16,0.0532
SUB-INL-143,EVT-16,0.0
SUB-INL-144,EVT-16,0.0
SUB-INL-145,EVT-16,0.0
SUB-INL-146,EVT-16,0.0
SUB-INL-147,EVT-16,0.0
SUB-INL-148,EVT-16,0.0
SUB-INL-149,EVT-16,0.0
SUB-INL-150,EVT-16,0.0
SUB-INL-001,coastal-short-severe,1.329
SUB-INL-002,coastal-short-severe,0.5573
SUB-INL-003,coastal-short-severe,0.7795
SUB-INL-004,coastal-short-severe,0.8855
SUB-INL-005,coastal-short-severe,1.0155
SUB-INL-006,coastal-short-severe,0.8458
SUB-INL-007,coastal-short-severe,0.1323
SUB-INL-008,coastal-short-severe,0.7292
SUB-INL-009,coastal-short-severe,1.1802
SUB-INL-010,coastal-short-severe,0.0632
SUB-INL-011,coastal-short-severe,1.0313
SUB-INL-012,coastal-short-severe,1.0305
SUB-INL-013,coastal-short-severe,0.7275
SUB-INL-014,coastal-short-severe,1.3376
SUB-INL-015,coastal-short-severe,1.0395
SUB-INL-016,coastal-short-severe,0.6574
SUB-INL-017,coastal-short-severe,0.9729
SUB-INL-018,coastal-short-severe,1.32
SUB-INL-019,coastal-short-severe,1.5328
SUB-INL-020,coastal-short-severe,0.825
SUB-INL-021,coastal-short-severe,0.4156
SUB-INL-022,coastal-short-severe,0.7005
SUB-INL-023,coastal-short-severe,0.2329
SUB-INL-024,coastal-short-severe,0.9544
SUB-INL-025,coastal-short-severe,0.343
SUB-INL-026,coastal-short-severe,0.9224
SUB-INL-027,coastal-short-severe,0.1604
SUB-INL-028,coastal-short-severe,0.5474
SUB-INL-029,coastal-short-severe,0.3124
SUB-INL-030,coastal-short-severe,0.5971
SUB-INL-031,coastal-short-severe,0.5963
SUB-INL-032,coastal-short-severe,0.8325
SUB-INL-033,coastal-short-severe,1.3517
SUB-INL-034,coastal-short-severe,0.3486
SUB-INL-035,coastal-short-severe,0.4575
SUB-INL-036,coastal-short-severe,0.7858
SUB-INL-037,coastal-short-severe,0.6881
SUB-INL-038,coastal-short-severe,0.3231
SUB-INL-039,coastal-short-severe,1.1574
SUB-INL-040,coastal-short-severe,1.169
SUB-INL-041,coastal-short-severe,0.1299
SUB-INL-042,coastal-short-severe,0.4515
SUB-INL-043,coastal-short-severe,0.9384
SUB-INL-044,coastal-short-severe,0.673
SUB-INL-045,coastal-short-severe,0.0299
SUB-INL-046,coastal-short-severe,1.345
SUB-INL-047,coastal-short-severe,1.2345
SUB-INL-048,coastal-short-severe,1.377
SUB-INL-049,coastal-short-severe,0.7649
SUB-INL-050,coastal-short-severe,0.7531
SUB-INL-051,coastal-short-severe,0.7507
SUB-INL-052,coastal-short-severe,1.1948
SUB-INL-053,coastal-short-severe,0.7504
SUB-INL-054,coastal-short-severe,0.7089
SUB-INL-055,coastal-short-severe,0.8924
SUB-INL-056,coastal-short-severe,0.5435
SUB-INL-057,coastal-short-severe,0.7099
SUB-INL-058,coastal-short-severe,0.8626
SUB-INL-059,coastal-short-severe,0.1218
SUB-INL-060,coastal-short-severe,0.7629
SUB-INL-061,coastal-short-severe,1.4779
SUB-INL-062,coastal-short-severe,1.7958
SUB-INL-063,coastal-short-severe,0.3642
SUB-INL-064,coastal-short-severe,1.0727
SUB-INL-065,coastal-short-severe,0.3537
SUB-INL-066,coastal-short-severe,1.5799
SUB-INL-067,coastal-short-severe,0.6324
SUB-INL-068,coastal-short-severe,1.4778
SUB-INL-069,coastal-short-severe,0.5757
SUB-INL-070,coastal-short-severe,1.73
SUB-INL-071,coastal-short-severe,0.4461
SUB-INL-072,coastal-short-severe,0.7874
SUB-INL-073,coastal-short-severe,0.4071
SUB-INL-074,coastal-short-severe,0.6893
SUB-INL-075,coastal-short-severe,1.0582
SUB-INL-076,coastal-short-severe,1.5324
SUB-INL-077,coastal-short-severe,0.302
SUB-INL-078,coastal-short-severe,1.3968
SUB-INL-079,coastal-short-severe,1.3128
SUB-INL-080,coastal-short-severe,1.2797
SUB-INL-081,coastal-short-severe,0.8485
SUB-INL-082,coastal-short-severe,0.8553
SUB-INL-083,coastal-short-severe,0.9582
SUB-INL-084,coastal-short-severe,0.5634
SUB-INL-085,coastal-short-severe,0.7527
SUB-INL-086,coastal-short-severe,0.963
SUB-INL-087,coastal-short-severe,0.2485
SUB-INL-088,coastal-short-severe,0.8449
SUB-INL-089,coastal-short-severe,0.6442
SUB-INL-090,coastal-short-severe,1.1002
SUB-INL-091,coastal-short-severe,0.9226
SUB-INL-092,coastal-short-severe,0.5507
SUB-INL-093,coastal-short-severe,0.1247
SUB-INL-094,coastal-short-severe,1.1447
SUB-INL-095,coastal-short-severe,0.3297
SUB-INL-096,coastal-short-severe,0.1747
SUB-INL-097,coastal-short-severe,1.183
SUB-INL-098,coastal-short-severe,1.268
SUB-INL-099,coastal-short-severe,1.4501
SUB-INL-100,coastal-short-severe,1.2012
SUB-INL-101,coastal-short-severe,0.3658
SUB-INL-102,coastal-short-severe,0.4318
SUB-INL-103,coastal-short-severe,1.2772
SUB-INL-104,coastal-short-severe,0.7385
SUB-INL-105,coastal-short-severe,0.7984
SUB-INL-106,coastal-short-severe,1.1397
SUB-INL-107,coastal-short-severe,1.4502
SUB-INL-108,coastal-short-severe,0.1739
SUB-INL-109,coastal-short-severe,0.9066
SUB-INL-110,coastal-short-severe,0.8411
SUB-INL-111,coastal-short-severe,1.2843
SUB-INL-112,coastal-short-severe,0.5698
SUB-INL-113,coastal-short-severe,0.621
SUB-INL-114,coastal-short-severe,1.2099
SUB-INL-115,coastal-short-severe,0.4707
SUB-INL-116,coastal-short-severe,0.2596
SUB-INL-117,coastal-short-severe,1.2855
SUB-INL-118,coastal-short-severe,0.2986
SUB-INL-119,coastal-short-severe,0.7533
SUB-INL-120,coastal-short-severe,0.9542
SUB-INL-121,coastal-short-severe,0.5364
SUB-INL-122,coastal-short-severe,0.2666
SUB-INL-123,coastal-short-severe,0.4295
SUB-INL-124,coastal-short-severe,0.5612
SUB-INL-125,coastal-short-severe,0.2915
SUB-INL-126,coastal-short-severe,0.206
SUB-INL-127,coastal-short-severe,0.3974
SUB-INL-128,coastal-short-severe,1.2987
SUB-INL-129,coastal-short-severe,1.6985
SUB-INL-130,coastal-short-severe,0.5735
SUB-INL-131,coastal-short-severe,0.9899
SUB-INL-132,coastal-short-severe,0.6766
SUB-INL-133,coastal-short-severe,0.4175
SUB-INL-134,coastal-short-severe,0.1253
SUB-INL-135,coastal-short-severe,0.9529
SUB-INL-136,coastal-short-severe,0.7119
SUB-INL-137,coastal-short-severe,1.5578
SUB-INL-138,coastal-short-severe,1.0515
SUB-INL-139,coastal-short-severe,0.2343
SUB-INL-140,coastal-short-severe,0.9455
SUB-INL-141,coastal-short-severe,0.7162
SUB-INL-142,coastal-short-severe,1.4148
SUB-INL-143,coastal-short-severe,0.1829
SUB-INL-144,coastal-short-severe,0.736
SUB-INL-145,coastal-short-severe,0.7351
SUB-INL-146,coastal-short-severe,0.5178
SUB-INL-147,coastal-short-severe,0.5087
SUB-INL-148,coastal-short-severe,0.3141
SUB-INL-149,coastal-short-severe,0.1593
SUB-INL-150,coastal-short-severe,0.4816
SUB-INL-001,inland-long-moderate,1.7032
SUB-INL-002,inland-long-moderate,0.3784
SUB-INL-003,inland-long-moderate,0.6022
SUB-INL-004,inland-long-moderate,0.8941
SUB-INL-005,inland-long-moderate,1.1742
SUB-INL-006,inland-long-moderate,0.783
SUB-INL-007,inland-long-moderate,0.0
SUB-INL-008,inland-long-moderate,0.5714
SUB-INL-009,inland-long-moderate,1.3391
SUB-INL-010,inland-long-moderate,0.0
SUB-INL-011,inland-long-moderate,1.3124
SUB-INL-012,inland-long-moderate,1.0433
SUB-INL-013,inland-long-moderate,0.6482
SUB-INL-014,inland-long-moderate,1.6385
SUB-INL-015,inland-long-moderate,1.0024
SUB-INL-016,inland-long-moderate,0.5641
SUB-INL-017,inland-long-moderate,0.8276
SUB-INL-018,inland-long-moderate,1.9783
SUB-INL-019,inland-long-moderate,2.1886
SUB-INL-020,inland-long-moderate,0.7399
SUB-INL-021,inland-long-moderate,0.1464
SUB-INL-022,inland-long-moderate,0.6021
SUB-INL-023,inland-long-moderate,0.0
SUB-INL-024,inland-long-moderate,1.1009
SUB-INL-025,inland-long-moderate,0.0557
SUB-INL-026,inland-long-moderate,0.7926
SUB-INL-027,inland-long-moderate,0.0
SUB-INL-028,inland-long-moderate,0.399
SUB-INL-029,inland-long-moderate,0.0709
SUB-INL-030,inland-long-moderate,0.4333
SUB-INL-031,inland-long-moderate,0.3011
SUB-INL-032,inland-long-moderate,0.8311
SUB-INL-033,inland-long-moderate,2.0381
SUB-INL-034,inland-long-moderate,0.0794
SUB-INL-035,inland-long-moderate,0.2204
SUB-INL-036,inland-long-moderate,0.7295
SUB-INL-037,inland-long-moderate,0.5209
SUB-INL-038,inland-long-moderate,0.0217
SUB-INL-039,inland-long-moderate,1.1116
SUB-INL-040,inland-long-moderate,1.4893
SUB-INL-041,inland-long-moderate,0.0
SUB-INL-042,inland-long-moderate,0.2006
SUB-INL-043,inland-long-moderate,0.8111
SUB-INL-044,inland-long-moderate,0.5587
SUB-INL-045,inland-long-moderate,0.0
SUB-INL-046,inland-long-moderate,1.8343
SUB-INL-047,inland-long-moderate,1.5547
SUB-INL-048,inland-long-moderate,1.9689
SUB-INL-049,inland-long-moderate,0.8692
SUB-INL-050,inland-long-moderate,0.5423
SUB-INL-051,inland-long-moderate,0.6542
SUB-INL-052,inland-long-moderate,1.3424
SUB-INL-053,inland-long-moderate,0.5802
SUB-INL-054,inland-long-moderate,0.558
SUB-INL-055,inland-long-moderate,1.0556
SUB-INL-056,inland-long-moderate,0.4217
SUB-INL-057,inland-long-moderate,0.6068
SUB-INL-058,inland-long-moderate,0.7879
SUB-INL-059,inland-long-moderate,0.0
SUB-INL-060,inland-long-moderate,0.6118
SUB-INL-061,inland-long-moderate,1.9744
SUB-INL-062,inland-long-moderate,2.3416
SUB-INL-063,inland-long-moderate,0.1213
SUB-INL-064,inland-long-moderate,1.3905
SUB-INL-065,inland-long-moderate,0.1485
SUB-INL-066,inland-long-moderate,1.9921
SUB-INL-067,inland-long-moderate,0.554
SUB-INL-068,inland-long-moderate,2.146
SUB-INL-069,inland-long-moderate,0.4045
SUB-INL-070,inland-long-moderate,2.2371
SUB-INL-071,inland-long-moderate,0.2403
SUB-INL-072,inland-long-moderate,0.7784
SUB-INL-073,inland-long-moderate,0.1177
SUB-INL-074,inland-long-moderate,0.5881
SUB-INL-075,inland-long-moderate,1.0929
SUB-INL-076,inland-long-moderate,2.0951
SUB-INL-077,inland-long-moderate,0.0137
SUB-INL-078,inland-long-moderate,1.545
SUB-INL-079,inland-long-moderate,1.9457
SUB-INL-080,inland-long-moderate,1.9383
SUB-INL-081,inland-long-moderate,0.7263
SUB-INL-082,inland-long-moderate,0.8576
SUB-INL-083,inland-long-moderate,0.9746
SUB-INL-084,inland-long-moderate,0.3498
SUB-INL-085,inland-long-moderate,0.5765
SUB-INL-086,inland-long-moderate,0.9068
SUB-INL-087,inland-long-moderate,0.0084
SUB-INL-088,inland-long-moderate,0.7911
SUB-INL-089,inland-long-moderate,0.6253
SUB-INL-090,inland-long-moderate,1.2966
SUB-INL-091,inland-long-moderate,0.83
SUB-INL-092,inland-long-moderate,0.3936
SUB-INL-093,inland-long-moderate,0.0
SUB-INL-094,inland-long-moderate,1.5104
SUB-INL-095,inland-long-moderate,0.0748
SUB-INL-096,inland-long-moderate,0.0
SUB-INL-097,inland-long-moderate,1.4356
SUB-INL-098,inland-long-moderate,1.6051
SUB-INL-099,inland-long-moderate,1.7544
SUB-INL-100,inland-long-moderate,1.4494
SUB-INL-101,inland-long-moderate,0.121
SUB-INL-102,inland-long-moderate,0.1595
SUB-INL-103,inland-long-moderate,1.4093
SUB-INL-104,inland-long-moderate,0.4755
SUB-INL-105,inland-long-moderate,0.8978
SUB-INL-106,inland-long-moderate,1.3541
SUB-INL-107,inland-long-moderate,1.895
SUB-INL-108,inland-long-moderate,0.0
SUB-INL-109,inland-long-moderate,0.7432
SUB-INL-110,inland-long-moderate,0.9572
SUB-INL-111,inland-long-moderate,1.5963
SUB-INL-112,inland-long-moderate,0.4361
SUB-INL-113,inland-long-moderate,0.4206
SUB-INL-114,inland-long-moderate,1.8173
SUB-INL-115,inland-long-moderate,0.2121
SUB-INL-116,inland-long-moderate,0.0115
SUB-INL-117,inland-long-moderate,1.8461
SUB-INL-118,inland-long-moderate,0.0315
SUB-INL-119,inland-long-moderate,0.6724
SUB-INL-120,inland-long-moderate,0.9715
SUB-INL-121,inland-long-moderate,0.4174
SUB-INL-122,inland-long-moderate,0.0017
SUB-INL-123,inland-long-moderate,0.1465
SUB-INL-124,inland-long-moderate,0.3249
SUB-INL-125,inland-long-moderate,0.0225
SUB-INL-126,inland-long-moderate,0.0
SUB-INL-127,inland-long-moderate,0.1198
SUB-INL-128,inland-long-moderate,1.6719
SUB-INL-129,inland-long-moderate,2.1882
SUB-INL-130,inland-long-moderate,0.3434
SUB-INL-131,inland-long-moderate,0.9266
SUB-INL-132,inland-long-moderate,0.3751
SUB-INL-133,inland-long-moderate,0.1372
SUB-INL-134,inland-long-moderate,0.0
SUB-INL-135,inland-long-moderate,1.0717
SUB-INL-136,inland-long-moderate,0.6212
SUB-INL-137,inland-long-moderate,1.8316
SUB-INL-138,inland-long-moderate,1.0003
SUB-INL-139,inland-long-moderate,0.0125
SUB-INL-140,inland-long-moderate,0.8559
SUB-INL-141,inland-long-moderate,0.6327
SUB-INL-142,inland-long-moderate,1.8118
SUB-INL-143,inland-long-moderate,0.0
SUB-INL-144,inland-long-moderate,0.549
SUB-INL-145,inland-long-moderate,0.6608
SUB-INL-146,inland-long-moderate,0.2698
SUB-INL-147,inland-long-moderate,0.2241
SUB-INL-148,inland-long-moderate,0.0115
SUB-INL-149,inland-long-moderate,0.0
SUB-INL-150,inland-long-moderate,0.1532
SUB-INL-001,baseline-mild,0.0
SUB-INL-002,baseline-mild,0.0
SUB-INL-003,baseline-mild,0.0
SUB-INL-004,baseline-mild,0.0
SUB-INL-005,baseline-mild,0.0
SUB-INL-006,baseline-mild,0.0
SUB-INL-007,baseline-mild,0.0
SUB-INL-008,baseline-mild,0.0
SUB-INL-009,baseline-mild,0.0
SUB-INL-010,baseline-mild,0.0
SUB-INL-011,baseline-mild,0.0
SUB-INL-012,baseline-mild,0.0
SUB-INL-013,baseline-mild,0.0
SUB-INL-014,baseline-mild,0.0
SUB-INL-015,baseline-mild,0.0
SUB-INL-016,baseline-mild,0.0
SUB-INL-017,baseline-mild,0.0
SUB-INL-018,baseline-mild,0.0
SUB-INL-019,baseline-mild,0.0
SUB-INL-020,baseline-mild,0.0
SUB-INL-021,baseline-mild,0.0
SUB-INL-022,baseline-mild,0.0
SUB-INL-023,baseline-mild,0.0
SUB-INL-024,baseline-mild,0.0
SUB-INL-025,baseline-mild,0.0
SUB-INL-026,baseline-mild,0.0
SUB-INL-027,baseline-mild,0.0
SUB-INL-028,baseline-mild,0.0
SUB-INL-029,baseline-mild,0.0
SUB-INL-030,baseline-mild,0.0
SUB-INL-031,baseline-mild,0.0
SUB-INL-032,baseline-mild,0.0
SUB-INL-033,baseline-mild,0.0
SUB-INL-034,baseline-mild,0.0
SUB-INL-035,baseline-mild,0.0
SUB-INL-036,baseline-mild,0.0
SUB-INL-037,baseline-mild,0.0
SUB-INL-038,baseline-mild,0.0
SUB-INL-039,baseline-mild,0.0
SUB-INL-040,baseline-mild,0.0
SUB-INL-041,baseline-mild,0.0
SUB-INL-042,baseline-mild,0.0
SUB-INL-043,baseline-mild,0.0
SUB-INL-044,baseline-mild,0.0
SUB-INL-045,baseline-mild,0.0
SUB-INL-046,baseline-mild,0.0
SUB-INL-047,baseline-mild,0.0
SUB-INL-048,baseline-mild,0.0
SUB-INL-049,baseline-mild,0.0
SUB-INL-050,baseline-mild,0.0
SUB-INL-051,baseline-mild,0.0
SUB-INL-052,baseline-mild,0.0
SUB-INL-053,baseline-mild,0.0
SUB-INL-054,baseline-mild,0.0
SUB-INL-055,baseline-mild,0.0
SUB-INL-056,baseline-mild,0.0
SUB-INL-057,baseline-mild,0.0
SUB-INL-058,baseline-mild,0.0
SUB-INL-059,baseline-mild,0.0
SUB-INL-060,baseline-mild,0.0
SUB-INL-061,baseline-mild,0.0
SUB-INL-062,baseline-mild,0.0033
SUB-INL-063,baseline-mild,0.0
SUB-INL-064,baseline-mild,0.0
SUB-INL-065,baseline-mild,0.0
SUB-INL-066,baseline-mild,0.0
SUB-INL-067,baseline-mild,0.0
SUB-INL-068,baseline-mild,0.0
SUB-INL-069,baseline-mild,0.0
SUB-INL-070,baseline-mild,0.0002
SUB-INL-071,baseline-mild,0.0
SUB-INL-072,baseline-mild,0.0
SUB-INL-073,baseline-mild,0.0
SUB-INL-074,baseline-mild,0.0
SUB-INL-075,baseline-mild,0.0
SUB-INL-076,baseline-mild,0.0
SUB-INL-077,baseline-mild,0.0
SUB-INL-078,baseline-mild,0.0
SUB-INL-079,baseline-mild,0.0
SUB-INL-080,baseline-mild,0.0
SUB-INL-081,baseline-mild,0.0
SUB-INL-082,baseline-mild,0.0
SUB-INL-083,baseline-mild,0.0
SUB-INL-084,baseline-mild,0.0
SUB-INL-085,baseline-mild,0.0
SUB-INL-086,baseline-mild,0.0
SUB-INL-087,baseline-mild,0.0
SUB-INL-088,baseline-mild,0.0
SUB-INL-089,baseline-mild,0.0
SUB-INL-090,baseline-mild,0.0
SUB-INL-091,baseline-mild,0.0
SUB-INL-092,baseline-mild,0.0
SUB-INL-093,baseline-mild,0.0
SUB-INL-094,baseline-mild,0.0
SUB-INL-095,baseline-mild,0.0
SUB-INL-096,baseline-mild,0.0
SUB-INL-097,baseline-mild,0.0
SUB-INL-098,baseline-mild,0.0
SUB-INL-099,baseline-mild,0.0
SUB-INL-100,baseline-mild,0.0
SUB-INL-101,baseline-mild,0.0
SUB-INL-102,baseline-mild,0.0
SUB-INL-103,baseline-mild,0.0
SUB-INL-104,baseline-mild,0.0
SUB-INL-105,baseline-mild,0.0
SUB-INL-106,baseline-mild,0.0
SUB-INL-107,baseline-mild,0.0
SUB-INL-108,baseline-mild,0.0
SUB-INL-109,baseline-mild,0.0
SUB-INL-110,baseline-mild,0.0
SUB-INL-111,baseline-mild,0.0
SUB-INL-112,baseline-mild,0.0
SUB-INL-113,baseline-mild,0.0
SUB-INL-114,baseline-mild,0.0
SUB-INL-115,baseline-mild,0.0
SUB-INL-116,baseline-mild,0.0
SUB-INL-117,baseline-mild,0.0
SUB-INL-118,baseline-mild,0.0
SUB-INL-119,baseline-mild,0.0
SUB-INL-120,baseline-mild,0.0
SUB-INL-121,baseline-mild,0.0
SUB-INL-122,baseline-mild,0.0
SUB-INL-123,baseline-mild,0.0
SUB-INL-124,baseline-mild,0.0
SUB-INL-125,baseline-mild,0.0
SUB-INL-126,baseline-mild,0.0
SUB-INL-127,baseline-mild,0.0
SUB-INL-128,baseline-mild,0.0
SUB-INL-129,baseline-mild,0.0
SUB-INL-130,baseline-mild,0.0
SUB-INL-131,baseline-mild,0.0
SUB-INL-132,baseline-mild,0.0
SUB-INL-133,baseline-mild,0.0
SUB-INL-134,baseline-mild,0.0
SUB-INL-135,baseline-mild,0.0
SUB-INL-136,baseline-mild,0.0
SUB-INL-137,baseline-mild,0.0
SUB-INL-138,baseline-mild,0.0
SUB-INL-139,baseline-mild,0.0
SUB-INL-140,baseline-mild,0.0
SUB-INL-141,baseline-mild,0.0
SUB-INL-142,baseline-mild,0.0
SUB-INL-143,baseline-mild,0.0
SUB-INL-144,baseline-mild,0.0
SUB-INL-145,baseline-mild,0.0
SUB-INL-146,baseline-mild,0.0
SUB-INL-147,baseline-mild,0.0
SUB-INL-148,baseline-mild,0.0
SUB-INL-149,baseline-mild,0.0
SUB-INL-150,baseline-mild,0.0
