asset_id,event_id,failed
SUB-INL-001,EVT-01,0
SUB-INL-002,EVT-01,0
SUB-INL-003,EVT-01,0
SUB-INL-004,EVT-01,0
SUB-INL-005,EVT-01,0
SUB-INL-006,EVT-01,0
SUB-INL-007,EVT-01,0
SUB-INL-008,EVT-01,0
SUB-INL-009,EVT-01,0
SUB-INL-010,EVT-01,0
SUB-INL-011,EVT-01,0
SUB-INL-012,EVT-01,0
SUB-INL-013,EVT-01,0
SUB-INL-014,EVT-01,0
SUB-INL-015,EVT-01,0
SUB-INL-016,EVT-01,0
SUB-INL-017,EVT-01,0
SUB-INL-018,EVT-01,0
SUB-INL-019,EVT-01,0
SUB-INL-020,EVT-01,0
SUB-INL-021,EVT-01,0
SUB-INL-022,EVT-01,0
SUB-INL-023,EVT-01,0
SUB-INL-024,EVT-01,0
SUB-INL-025,EVT-01,0
SUB-INL-026,EVT-01,0
SUB-INL-027,EVT-01,0
SUB-INL-028,EVT-01,0
SUB-INL-029,EVT-01,0
SUB-INL-030,EVT-01,0
SUB-INL-031,EVT-01,0
SUB-INL-032,EVT-01,0
SUB-INL-033,EVT-01,0
SUB-INL-034,EVT-01,0
SUB-INL-035,EVT-01,0
SUB-INL-036,EVT-01,0
SUB-INL-037,EVT-01,0
SUB-INL-038,EVT-01,0
SUB-INL-039,EVT-01,0
SUB-INL-040,EVT-01,0
SUB-INL-041,EVT-01,0
SUB-INL-042,EVT-01,0
SUB-INL-043,EVT-01,0
SUB-INL-044,EVT-01,0
SUB-INL-045,EVT-01,0
SUB-INL-046,EVT-01,0
SUB-INL-047,EVT-01,0
SUB-INL-048,EVT-01,0
SUB-INL-049,EVT-01,0
SUB-INL-050,EVT-01,0
SUB-INL-051,EVT-01,0
SUB-INL-052,EVT-01,0
SUB-INL-053,EVT-01,0
SUB-INL-054,EVT-01,0
SUB-INL-055,EVT-01,0
SUB-INL-056,EVT-01,0
SUB-INL-057,EVT-01,0
SUB-INL-058,EVT-01,0
SUB-INL-059,EVT-01,0
SUB-INL-060,EVT-01,0
SUB-INL-061,EVT-01,0
SUB-INL-062,EVT-01,0
SUB-INL-063,EVT-01,0
SUB-INL-064,EVT-01,0
SUB-INL-065,EVT-01,0
SUB-INL-066,EVT-01,0
SUB-INL-067,EVT-01,0
SUB-INL-068,EVT-01,0
SUB-INL-069,EVT-01,0
SUB-INL-070,EVT-01,0
SUB-INL-071,EVT-01,0
SUB-INL-072,EVT-01,0
SUB-INL-073,EVT-01,0
SUB-INL-074,EVT-01,0
SUB-INL-075,EVT-01,0
SUB-INL-076,EVT-01,0
SUB-INL-077,EVT-01,0
SUB-INL-078,EVT-01,0
SUB-INL-079,EVT-01,0
SUB-INL-080,EVT-01,0
SUB-INL-081,EVT-01,0
SUB-INL-082,EVT-01,0
SUB-INL-083,EVT-01,0
SUB-INL-084,EVT-01,0
SUB-INL-085,EVT-01,0
SUB-INL-086,EVT-01,0
SUB-INL-087,EVT-01,0
SUB-INL-088,EVT-01,0
SUB-INL-089,EVT-01,0
SUB-INL-090,EVT-01,0
SUB-INL-091,EVT-01,0
SUB-INL-092,EVT-01,0
SUB-INL-093,EVT-01,0
SUB-INL-094,EVT-01,0
SUB-INL-095,EVT-01,0
SUB-INL-096,EVT-01,0
SUB-INL-097,EVT-01,0
SUB-INL-098,EVT-01,0
SUB-INL-099,EVT-01,0
SUB-INL-100,EVT-01,0
SUB-INL-101,EVT-01,0
SUB-INL-102,EVT-01,0
SUB-INL-103,EVT-01,1
SUB-INL-104,EVT-01,0
SUB-INL-105,EVT-01,0
SUB-INL-106,EVT-01,0
SUB-INL-107,EVT-01,0
SUB-INL-108,EVT-01,0
SUB-INL-109,EVT-01,0
SUB-INL-110,EVT-01,0
SUB-INL-111,EVT-01,0
SUB-INL-112,EVT-01,0
SUB-INL-113,EVT-01,0
SUB-INL-114,EVT-01,0
SUB-INL-115,EVT-01,0
SUB-INL-116,EVT-01,0
SUB-INL-117,EVT-01,0
SUB-INL-118,EVT-01,0
SUB-INL-119,EVT-01,0
SUB-INL-120,EVT-01,0
SUB-INL-121,EVT-01,0
SUB-INL-122,EVT-01,0
SUB-INL-123,EVT-01,0
SUB-INL-124,EVT-01,0
SUB-INL-125,EVT-01,0
SUB-INL-126,EVT-01,0
SUB-INL-127,EVT-01,0
SUB-INL-128,EVT-01,0
SUB-INL-129,EVT-01,0
SUB-INL-130,EVT-01,0
SUB-INL-131,EVT-01,0
SUB-INL-132,EVT-01,0
SUB-INL-133,EVT-01,0
SUB-INL-134,EVT-01,0
SUB-INL-135,EVT-01,0
SUB-INL-136,EVT-01,0
SUB-INL-137,EVT-01,0
SUB-INL-138,EVT-01,0
SUB-INL-139,EVT-01,0
SUB-INL-140,EVT-01,0
SUB-INL-141,EVT-01,0
SUB-INL-142,EVT-01,0
SUB-INL-143,EVT-01,0
SUB-INL-144,EVT-01,0
SUB-INL-145,EVT-01,0
SUB-INL-146,EVT-01,0
SUB-INL-147,EVT-01,0
SUB-INL-148,EVT-01,0
SUB-INL-149,EVT-01,0
SUB-INL-150,EVT-01,0
SUB-INL-001,EVT-02,1
SUB-INL-002,EVT-02,0
SUB-INL-003,EVT-02,0
SUB-INL-004,EVT-02,0
SUB-INL-005,EVT-02,0
SUB-INL-006,EVT-02,0
SUB-INL-007,EVT-02,0
SUB-INL-008,EVT-02,0
SUB-INL-009,EVT-02,1
SUB-INL-010,EVT-02,0
SUB-INL-011,EVT-02,0
SUB-INL-012,EVT-02,0
SUB-INL-013,EVT-02,0
SUB-INL-014,EVT-02,0
SUB-INL-015,EVT-02,0
SUB-INL-016,EVT-02,0
SUB-INL-017,EVT-02,1
SUB-INL-018,EVT-02,1
SUB-INL-019,EVT-02,1
SUB-INL-020,EVT-02,0
SUB-INL-021,EVT-02,0
SUB-INL-022,EVT-02,0
SUB-INL-023,EVT-02,0
SUB-INL-024,EVT-02,0
SUB-INL-025,EVT-02,0
SUB-INL-026,EVT-02,0
SUB-INL-027,EVT-02,0
SUB-INL-028,EVT-02,0
SUB-INL-029,EVT-02,0
SUB-INL-030,EVT-02,0
SUB-INL-031,EVT-02,0
SUB-INL-032,EVT-02,0
SUB-INL-033,EVT-02,0
SUB-INL-034,EVT-02,0
SUB-INL-035,EVT-02,0
SUB-INL-036,EVT-02,1
SUB-INL-037,EVT-02,0
SUB-INL-038,EVT-02,0
SUB-INL-039,EVT-02,0
SUB-INL-040,EVT-02,1
SUB-INL-041,EVT-02,0
SUB-INL-042,EVT-02,0
SUB-INL-043,EVT-02,0
SUB-INL-044,EVT-02,0
SUB-INL-045,EVT-02,0
SUB-INL-046,EVT-02,1
SUB-INL-047,EVT-02,0
SUB-INL-048,EVT-02,1
SUB-INL-049,EVT-02,1
SUB-INL-050,EVT-02,0
SUB-INL-051,EVT-02,1
SUB-INL-052,EVT-02,0
SUB-INL-053,EVT-02,1
SUB-INL-054,EVT-02,1
SUB-INL-055,EVT-02,0
SUB-INL-056,EVT-02,0
SUB-INL-057,EVT-02,0
SUB-INL-058,EVT-02,1
SUB-INL-059,EVT-02,0
SUB-INL-060,EVT-02,0
SUB-INL-061,EVT-02,1
SUB-INL-062,EVT-02,1
SUB-INL-063,EVT-02,0
SUB-INL-064,EVT-02,0
SUB-INL-065,EVT-02,0
SUB-INL-066,EVT-02,0
SUB-INL-067,EVT-02,0
SUB-INL-068,EVT-02,1
SUB-INL-069,EVT-02,0
SUB-INL-070,EVT-02,1
SUB-INL-071,EVT-02,0
SUB-INL-072,EVT-02,1
SUB-INL-073,EVT-02,0
SUB-INL-074,EVT-02,0
SUB-INL-075,EVT-02,0
SUB-INL-076,EVT-02,1
SUB-INL-077,EVT-02,0
SUB-INL-078,EVT-02,1
SUB-INL-079,EVT-02,1
SUB-INL-080,EVT-02,1
SUB-INL-081,EVT-02,0
SUB-INL-082,EVT-02,1
SUB-INL-083,EVT-02,1
SUB-INL-084,EVT-02,0
SUB-INL-085,EVT-02,0
SUB-INL-086,EVT-02,1
SUB-INL-087,EVT-02,0
SUB-INL-088,EVT-02,0
SUB-INL-089,EVT-02,0
SUB-INL-090,EVT-02,1
SUB-INL-091,EVT-02,0
SUB-INL-092,EVT-02,0
SUB-INL-093,EVT-02,0
SUB-INL-094,EVT-02,1
SUB-INL-095,EVT-02,0
SUB-INL-096,EVT-02,0
SUB-INL-097,EVT-02,1
SUB-INL-098,EVT-02,1
SUB-INL-099,EVT-02,1
SUB-INL-100,EVT-02,0
SUB-INL-101,EVT-02,0
SUB-INL-102,EVT-02,0
SUB-INL-103,EVT-02,0
SUB-INL-104,EVT-02,0
SUB-INL-105,EVT-02,0
SUB-INL-106,EVT-02,0
SUB-INL-107,EVT-02,1
SUB-INL-108,EVT-02,0
SUB-INL-109,EVT-02,0
SUB-INL-110,EVT-02,0
SUB-INL-111,EVT-02,1
SUB-INL-112,EVT-02,0
SUB-INL-113,EVT-02,0
SUB-INL-114,EVT-02,0
SUB-INL-115,EVT-02,0
SUB-INL-116,EVT-02,0
SUB-INL-117,EVT-02,1
SUB-INL-118,EVT-02,0
SUB-INL-119,EVT-02,1
SUB-INL-120,EVT-02,0
SUB-INL-121,EVT-02,0
SUB-INL-122,EVT-02,0
SUB-INL-123,EVT-02,0
SUB-INL-124,EVT-02,0
SUB-INL-125,EVT-02,0
SUB-INL-126,EVT-02,0
SUB-INL-127,EVT-02,0
SUB-INL-128,EVT-02,1
SUB-INL-129,EVT-02,0
SUB-INL-130,EVT-02,0
SUB-INL-131,EVT-02,0
SUB-INL-132,EVT-02,0
SUB-INL-133,EVT-02,0
SUB-INL-134,EVT-02,0
SUB-INL-135,EVT-02,0
SUB-INL-136,EVT-02,0
SUB-INL-137,EVT-02,0
SUB-INL-138,EVT-02,0
SUB-INL-139,EVT-02,0
SUB-INL-140,EVT-02,0
SUB-INL-141,EVT-02,0
SUB-INL-142,EVT-02,0
SUB-INL-143,EVT-02,0
SUB-INL-144,EVT-02,0
SUB-INL-145,EVT-02,0
SUB-INL-146,EVT-02,0
SUB-INL-147,EVT-02,0
SUB-INL-148,EVT-02,0
SUB-INL-149,EVT-02,0
SUB-INL-150,EVT-02,0
SUB-INL-001,EVT-03,1
SUB-INL-002,EVT-03,0
SUB-INL-003,EVT-03,0
SUB-INL-004,EVT-03,0
SUB-INL-005,EVT-03,0
SUB-INL-006,EVT-03,0
SUB-INL-007,EVT-03,0
SUB-INL-008,EVT-03,0
SUB-INL-009,EVT-03,0
SUB-INL-010,EVT-03,0
SUB-INL-011,EVT-03,0
SUB-INL-012,EVT-03,0
SUB-INL-013,EVT-03,0
SUB-INL-014,EVT-03,0
SUB-INL-015,EVT-03,0
SUB-INL-016,EVT-03,0
SUB-INL-017,EVT-03,0
SUB-INL-018,EVT-03,0
SUB-INL-019,EVT-03,0
SUB-INL-020,EVT-03,0
SUB-INL-021,EVT-03,0
SUB-INL-022,EVT-03,0
SUB-INL-023,EVT-03,0
SUB-INL-024,EVT-03,0
SUB-INL-025,EVT-03,0
SUB-INL-026,EVT-03,0
SUB-INL-027,EVT-03,0
SUB-INL-028,EVT-03,0
SUB-INL-029,EVT-03,0
SUB-INL-030,EVT-03,0
SUB-INL-031,EVT-03,0
SUB-INL-032,EVT-03,0
SUB-INL-033,EVT-03,0
SUB-INL-034,EVT-03,0
SUB-INL-035,EVT-03,0
SUB-INL-036,EVT-03,0
SUB-INL-037,EVT-03,0
SUB-INL-038,EVT-03,0
SUB-INL-039,EVT-03,0
SUB-INL-040,EVT-03,0
SUB-INL-041,EVT-03,0
SUB-INL-042,EVT-03,0
SUB-INL-043,EVT-03,0
SUB-INL-044,EVT-03,0
SUB-INL-045,EVT-03,0
SUB-INL-046,EVT-03,0
SUB-INL-047,EVT-03,0
SUB-INL-048,EVT-03,0
SUB-INL-049,EVT-03,0
SUB-INL-050,EVT-03,0
SUB-INL-051,EVT-03,0
SUB-INL-052,EVT-03,0
SUB-INL-053,EVT-03,0
SUB-INL-054,EVT-03,0
SUB-INL-055,EVT-03,0
SUB-INL-056,EVT-03,0
SUB-INL-057,EVT-03,0
SUB-INL-058,EVT-03,0
SUB-INL-059,EVT-03,0
SUB-INL-060,EVT-03,0
SUB-INL-061,EVT-03,0
SUB-INL-062,EVT-03,1
SUB-INL-063,EVT-03,0
SUB-INL-064,EVT-03,0
SUB-INL-065,EVT-03,0
SUB-INL-066,EVT-03,0
SUB-INL-067,EVT-03,0
SUB-INL-068,EVT-03,0
SUB-INL-069,EVT-03,0
SUB-INL-070,EVT-03,0
SUB-INL-071,EVT-03,0
SUB-INL-072,EVT-03,0
SUB-INL-073,EVT-03,0
SUB-INL-074,EVT-03,0
SUB-INL-075,EVT-03,0
SUB-INL-076,EVT-03,0
SUB-INL-077,EVT-03,0
SUB-INL-078,EVT-03,0
SUB-INL-079,EVT-03,0
SUB-INL-080,EVT-03,0
SUB-INL-081,EVT-03,0
SUB-INL-082,EVT-03,1
SUB-INL-083,EVT-03,0
SUB-INL-084,EVT-03,0
SUB-INL-085,EVT-03,0
SUB-INL-086,EVT-03,0
SUB-INL-087,EVT-03,0
SUB-INL-088,EVT-03,0
SUB-INL-089,EVT-03,0
SUB-INL-090,EVT-03,0
SUB-INL-091,EVT-03,0
SUB-INL-092,EVT-03,0
SUB-INL-093,EVT-03,0
SUB-INL-094,EVT-03,0
SUB-INL-095,EVT-03,0
SUB-INL-096,EVT-03,0
SUB-INL-097,EVT-03,0
SUB-INL-098,EVT-03,0
SUB-INL-099,EVT-03,0
SUB-INL-100,EVT-03,0
SUB-INL-101,EVT-03,0
SUB-INL-102,EVT-03,0
SUB-INL-103,EVT-03,0
SUB-INL-104,EVT-03,0
SUB-INL-105,EVT-03,0
SUB-INL-106,EVT-03,0
SUB-INL-107,EVT-03,0
SUB-INL-108,EVT-03,0
SUB-INL-109,EVT-03,0
SUB-INL-110,EVT-03,0
SUB-INL-111,EVT-03,0
SUB-INL-112,EVT-03,0
SUB-INL-113,EVT-03,0
SUB-INL-114,EVT-03,0
SUB-INL-115,EVT-03,0
SUB-INL-116,EVT-03,0
SUB-INL-117,EVT-03,0
SUB-INL-118,EVT-03,0
SUB-INL-119,EVT-03,0
SUB-INL-120,EVT-03,0
SUB-INL-121,EVT-03,0
SUB-INL-122,EVT-03,0
SUB-INL-123,EVT-03,0
SUB-INL-124,EVT-03,0
SUB-INL-125,EVT-03,0
SUB-INL-126,EVT-03,0
SUB-INL-127,EVT-03,0
SUB-INL-128,EVT-03,0
SUB-INL-129,EVT-03,0
SUB-INL-130,EVT-03,0
SUB-INL-131,EVT-03,0
SUB-INL-132,EVT-03,0
SUB-INL-133,EVT-03,0
SUB-INL-134,EVT-03,0
SUB-INL-135,EVT-03,0
SUB-INL-136,EVT-03,0
SUB-INL-137,EVT-03,0
SUB-INL-138,EVT-03,0
SUB-INL-139,EVT-03,0
SUB-INL-140,EVT-03,0
SUB-INL-141,EVT-03,0
SUB-INL-142,EVT-03,0
SUB-INL-143,EVT-03,0
SUB-INL-144,EVT-03,0
SUB-INL-145,EVT-03,0
SUB-INL-146,EVT-03,0
SUB-INL-147,EVT-03,0
SUB-INL-148,EVT-03,0
SUB-INL-149,EVT-03,0
SUB-INL-150,EVT-03,0
SUB-INL-001,EVT-04,0
SUB-INL-002,EVT-04,0
SUB-INL-003,EVT-04,0
SUB-INL-004,EVT-04,0
SUB-INL-005,EVT-04,0
SUB-INL-006,EVT-04,0
SUB-INL-007,EVT-04,0
SUB-INL-008,EVT-04,0
SUB-INL-009,EVT-04,0
SUB-INL-010,EVT-04,0
SUB-INL-011,EVT-04,0
SUB-INL-012,EVT-04,0
SUB-INL-013,EVT-04,0
SUB-INL-014,EVT-04,0
SUB-INL-015,EVT-04,0
SUB-INL-016,EVT-04,0
SUB-INL-017,EVT-04,0
SUB-INL-018,EVT-04,0
SUB-INL-019,EVT-04,0
SUB-INL-020,EVT-04,0
SUB-INL-021,EVT-04,0
SUB-INL-022,EVT-04,0
SUB-INL-023,EVT-04,0
SUB-INL-024,EVT-04,0
SUB-INL-025,EVT-04,0
SUB-INL-026,EVT-04,0
SUB-INL-027,EVT-04,0
SUB-INL-028,EVT-04,0
SUB-INL-029,EVT-04,0
SUB-INL-030,EVT-04,0
SUB-INL-031,EVT-04,0
SUB-INL-032,EVT-04,0
SUB-INL-033,EVT-04,1
SUB-INL-034,EVT-04,0
SUB-INL-035,EVT-04,0
SUB-INL-036,EVT-04,0
SUB-INL-037,EVT-04,0
SUB-INL-038,EVT-04,0
SUB-INL-039,EVT-04,0
SUB-INL-040,EVT-04,0
SUB-INL-041,EVT-04,0
SUB-INL-042,EVT-04,0
SUB-INL-043,EVT-04,0
SUB-INL-044,EVT-04,0
SUB-INL-045,EVT-04,0
SUB-INL-046,EVT-04,0
SUB-INL-047,EVT-04,0
SUB-INL-048,EVT-04,0
SUB-INL-049,EVT-04,0
SUB-INL-050,EVT-04,0
SUB-INL-051,EVT-04,0
SUB-INL-052,EVT-04,0
SUB-INL-053,EVT-04,0
SUB-INL-054,EVT-04,0
SUB-INL-055,EVT-04,0
SUB-INL-056,EVT-04,0
SUB-INL-057,EVT-04,0
SUB-INL-058,EVT-04,0
SUB-INL-059,EVT-04,0
SUB-INL-060,EVT-04,0
SUB-INL-061,EVT-04,0
SUB-INL-062,EVT-04,0
SUB-INL-063,EVT-04,0
SUB-INL-064,EVT-04,0
SUB-INL-065,EVT-04,0
SUB-INL-066,EVT-04,0
SUB-INL-067,EVT-04,0
SUB-INL-068,EVT-04,0
SUB-INL-069,EVT-04,0
SUB-INL-070,EVT-04,0
SUB-INL-071,EVT-04,0
SUB-INL-072,EVT-04,0
SUB-INL-073,EVT-04,0
SUB-INL-074,EVT-04,0
SUB-INL-075,EVT-04,0
SUB-INL-076,EVT-04,0
SUB-INL-077,EVT-04,0
SUB-INL-078,EVT-04,0
SUB-INL-079,EVT-04,0
SUB-INL-080,EVT-04,0
SUB-INL-081,EVT-04,0
SUB-INL-082,EVT-04,0
SUB-INL-083,EVT-04,0
SUB-INL-084,EVT-04,0
SUB-INL-085,EVT-04,0
SUB-INL-086,EVT-04,0
SUB-INL-087,EVT-04,0
SUB-INL-088,EVT-04,0
SUB-INL-089,EVT-04,0
SUB-INL-090,EVT-04,0
SUB-INL-091,EVT-04,1
SUB-INL-092,EVT-04,0
SUB-INL-093,EVT-04,0
SUB-INL-094,EVT-04,0
SUB-INL-095,EVT-04,0
SUB-INL-096,EVT-04,0
SUB-INL-097,EVT-04,0
SUB-INL-098,EVT-04,0
SUB-INL-099,EVT-04,0
SUB-INL-100,EVT-04,0
SUB-INL-101,EVT-04,0
SUB-INL-102,EVT-04,0
SUB-INL-103,EVT-04,0
SUB-INL-104,EVT-04,0
SUB-INL-105,EVT-04,0
SUB-INL-106,EVT-04,0
SUB-INL-107,EVT-04,0
SUB-INL-108,EVT-04,0
SUB-INL-109,EVT-04,0
SUB-INL-110,EVT-04,0
SUB-INL-111,EVT-04,0
SUB-INL-112,EVT-04,0
SUB-INL-113,EVT-04,0
SUB-INL-114,EVT-04,0
SUB-INL-115,EVT-04,0
SUB-INL-116,EVT-04,0
SUB-INL-117,EVT-04,0
SUB-INL-118,EVT-04,0
SUB-INL-119,EVT-04,0
SUB-INL-120,EVT-04,0
SUB-INL-121,EVT-04,0
SUB-INL-122,EVT-04,0
SUB-INL-123,EVT-04,0
SUB-INL-124,EVT-04,0
SUB-INL-125,EVT-04,0
SUB-INL-126,EVT-04,0
SUB-INL-127,EVT-04,0
SUB-INL-128,EVT-04,0
SUB-INL-129,EVT-04,0
SUB-INL-130,EVT-04,0
SUB-INL-131,EVT-04,0
SUB-INL-132,EVT-04,0
SUB-INL-133,EVT-04,0
SUB-INL-134,EVT-04,0
SUB-INL-135,EVT-04,0
SUB-INL-136,EVT-04,0
SUB-INL-137,EVT-04,0
SUB-INL-138,EVT-04,0
SUB-INL-139,EVT-04,0
SUB-INL-140,EVT-04,0
SUB-INL-141,EVT-04,0
SUB-INL-142,EVT-04,0
SUB-INL-143,EVT-04,0
SUB-INL-144,EVT-04,0
SUB-INL-145,EVT-04,0
SUB-INL-146,EVT-04,0
SUB-INL-147,EVT-04,0
SUB-INL-148,EVT-04,0
SUB-INL-149,EVT-04,0
SUB-INL-150,EVT-04,0
SUB-INL-001,EVT-05,0
SUB-INL-002,EVT-05,0
SUB-INL-003,EVT-05,0
SUB-INL-004,EVT-05,0
SUB-INL-005,EVT-05,0
SUB-INL-006,EVT-05,0
SUB-INL-007,EVT-05,0
SUB-INL-008,EVT-05,0
SUB-INL-009,EVT-05,0
SUB-INL-010,EVT-05,0
SUB-INL-011,EVT-05,0
SUB-INL-012,EVT-05,0
SUB-INL-013,EVT-05,0
SUB-INL-014,EVT-05,0
SUB-INL-015,EVT-05,0
SUB-INL-016,EVT-05,0
SUB-INL-017,EVT-05,0
SUB-INL-018,EVT-05,0
SUB-INL-019,EVT-05,0
SUB-INL-020,EVT-05,0
SUB-INL-021,EVT-05,0
SUB-INL-022,EVT-05,0
SUB-INL-023,EVT-05,0
SUB-INL-024,EVT-05,0
SUB-INL-025,EVT-05,0
SUB-INL-026,EVT-05,0
SUB-INL-027,EVT-05,0
SUB-INL-028,EVT-05,0
SUB-INL-029,EVT-05,0
SUB-INL-030,EVT-05,0
SUB-INL-031,EVT-05,0
SUB-INL-032,EVT-05,0
SUB-INL-033,EVT-05,0
SUB-INL-034,EVT-05,0
SUB-INL-035,EVT-05,0
SUB-INL-036,EVT-05,0
SUB-INL-037,EVT-05,0
SUB-INL-038,EVT-05,0
SUB-INL-039,EVT-05,0
SUB-INL-040,EVT-05,0
SUB-INL-041,EVT-05,0
SUB-INL-042,EVT-05,0
SUB-INL-043,EVT-05,0
SUB-INL-044,EVT-05,0
SUB-INL-045,EVT-05,1
SUB-INL-046,EVT-05,0
SUB-INL-047,EVT-05,0
SUB-INL-048,EVT-05,0
SUB-INL-049,EVT-05,0
SUB-INL-050,EVT-05,0
SUB-INL-051,EVT-05,0
SUB-INL-052,EVT-05,0
SUB-INL-053,EVT-05,0
SUB-INL-054,EVT-05,0
SUB-INL-055,EVT-05,0
SUB-INL-056,EVT-05,0
SUB-INL-057,EVT-05,0
SUB-INL-058,EVT-05,0
SUB-INL-059,EVT-05,0
SUB-INL-060,EVT-05,0
SUB-INL-061,EVT-05,0
SUB-INL-062,EVT-05,0
SUB-INL-063,EVT-05,0
SUB-INL-064,EVT-05,0
SUB-INL-065,EVT-05,0
SUB-INL-066,EVT-05,0
SUB-INL-067,EVT-05,0
SUB-INL-068,EVT-05,0
SUB-INL-069,EVT-05,0
SUB-INL-070,EVT-05,0
SUB-INL-071,EVT-05,0
SUB-INL-072,EVT-05,0
SUB-INL-073,EVT-05,0
SUB-INL-074,EVT-05,0
SUB-INL-075,EVT-05,0
SUB-INL-076,EVT-05,1
SUB-INL-077,EVT-05,0
SUB-INL-078,EVT-05,0
SUB-INL-079,EVT-05,0
SUB-INL-080,EVT-05,0
SUB-INL-081,EVT-05,0
SUB-INL-082,EVT-05,0
SUB-INL-083,EVT-05,0
SUB-INL-084,EVT-05,0
SUB-INL-085,EVT-05,0
SUB-INL-086,EVT-05,0
SUB-INL-087,EVT-05,0
SUB-INL-088,EVT-05,0
SUB-INL-089,EVT-05,0
SUB-INL-090,EVT-05,0
SUB-INL-091,EVT-05,0
SUB-INL-092,EVT-05,0
SUB-INL-093,EVT-05,0
SUB-INL-094,EVT-05,0
SUB-INL-095,EVT-05,0
SUB-INL-096,EVT-05,0
SUB-INL-097,EVT-05,0
SUB-INL-098,EVT-05,0
SUB-INL-099,EVT-05,0
SUB-INL-100,EVT-05,0
SUB-INL-101,EVT-05,0
SUB-INL-102,EVT-05,0
SUB-INL-103,EVT-05,0
SUB-INL-104,EVT-05,0
SUB-INL-105,EVT-05,0
SUB-INL-106,EVT-05,0
SUB-INL-107,EVT-05,0
SUB-INL-108,EVT-05,0
SUB-INL-109,EVT-05,0
SUB-INL-110,EVT-05,0
SUB-INL-111,EVT-05,0
SUB-INL-112,EVT-05,0
SUB-INL-113,EVT-05,0
SUB-INL-114,EVT-05,0
SUB-INL-115,EVT-05,0
SUB-INL-116,EVT-05,0
SUB-INL-117,EVT-05,0
SUB-INL-118,EVT-05,0
SUB-INL-119,EVT-05,0
SUB-INL-120,EVT-05,0
SUB-INL-121,EVT-05,0
SUB-INL-122,EVT-05,0
SUB-INL-123,EVT-05,0
SUB-INL-124,EVT-05,0
SUB-INL-125,EVT-05,0
SUB-INL-126,EVT-05,0
SUB-INL-127,EVT-05,0
SUB-INL-128,EVT-05,0
SUB-INL-129,EVT-05,0
SUB-INL-130,EVT-05,0
SUB-INL-131,EVT-05,0
SUB-INL-132,EVT-05,0
SUB-INL-133,EVT-05,0
SUB-INL-134,EVT-05,0
SUB-INL-135,EVT-05,0
SUB-INL-136,EVT-05,0
SUB-INL-137,EVT-05,0
SUB-INL-138,EVT-05,0
SUB-INL-139,EVT-05,0
SUB-INL-140,EVT-05,0
SUB-INL-141,EVT-05,0
SUB-INL-142,EVT-05,0
SUB-INL-143,EVT-05,0
SUB-INL-144,EVT-05,0
SUB-INL-145,EVT-05,0
SUB-INL-146,EVT-05,0
SUB-INL-147,EVT-05,0
SUB-INL-148,EVT-05,0
SUB-INL-149,EVT-05,0
SUB-INL-150,EVT-05,0
SUB-INL-001,EVT-06,0
SUB-INL-002,EVT-06,0
SUB-INL-003,EVT-06,0
SUB-INL-004,EVT-06,0
SUB-INL-005,EVT-06,0
SUB-INL-006,EVT-06,0
SUB-INL-007,EVT-06,0
SUB-INL-008,EVT-06,0
SUB-INL-009,EVT-06,0
SUB-INL-010,EVT-06,0
SUB-INL-011,EVT-06,0
SUB-INL-012,EVT-06,0
SUB-INL-013,EVT-06,0
SUB-INL-014,EVT-06,0
SUB-INL-015,EVT-06,0
SUB-INL-016,EVT-06,0
SUB-INL-017,EVT-06,0
SUB-INL-018,EVT-06,0
SUB-INL-019,EVT-06,0
SUB-INL-020,EVT-06,0
SUB-INL-021,EVT-06,0
SUB-INL-022,EVT-06,0
SUB-INL-023,EVT-06,0
SUB-INL-024,EVT-06,0
SUB-INL-025,EVT-06,0
SUB-INL-026,EVT-06,0
SUB-INL-027,EVT-06,0
SUB-INL-028,EVT-06,0
SUB-INL-029,EVT-06,1
SUB-INL-030,EVT-06,0
SUB-INL-031,EVT-06,0
SUB-INL-032,EVT-06,0
SUB-INL-033,EVT-06,0
SUB-INL-034,EVT-06,0
SUB-INL-035,EVT-06,0
SUB-INL-036,EVT-06,0
SUB-INL-037,EVT-06,0
SUB-INL-038,EVT-06,0
SUB-INL-039,EVT-06,0
SUB-INL-040,EVT-06,0
SUB-INL-041,EVT-06,0
SUB-INL-042,EVT-06,0
SUB-INL-043,EVT-06,0
SUB-INL-044,EVT-06,0
SUB-INL-045,EVT-06,0
SUB-INL-046,EVT-06,0
SUB-INL-047,EVT-06,0
SUB-INL-048,EVT-06,0
SUB-INL-049,EVT-06,0
SUB-INL-050,EVT-06,0
SUB-INL-051,EVT-06,0
SUB-INL-052,EVT-06,0
SUB-INL-053,EVT-06,0
SUB-INL-054,EVT-06,0
SUB-INL-055,EVT-06,0
SUB-INL-056,EVT-06,0
SUB-INL-057,EVT-06,0
SUB-INL-058,EVT-06,0
SUB-INL-059,EVT-06,0
SUB-INL-060,EVT-06,0
SUB-INL-061,EVT-06,0
SUB-INL-062,EVT-06,0
SUB-INL-063,EVT-06,0
SUB-INL-064,EVT-06,0
SUB-INL-065,EVT-06,0
SUB-INL-066,EVT-06,0
SUB-INL-067,EVT-06,0
SUB-INL-068,EVT-06,0
SUB-INL-069,EVT-06,0
SUB-INL-070,EVT-06,0
SUB-INL-071,EVT-06,0
SUB-INL-072,EVT-06,0
SUB-INL-073,EVT-06,0
SUB-INL-074,EVT-06,0
SUB-INL-075,EVT-06,0
SUB-INL-076,EVT-06,0
SUB-INL-077,EVT-06,0
SUB-INL-078,EVT-06,0
SUB-INL-079,EVT-06,0
SUB-INL-080,EVT-06,0
SUB-INL-081,EVT-06,0
SUB-INL-082,EVT-06,0
SUB-INL-083,EVT-06,0
SUB-INL-084,EVT-06,0
SUB-INL-085,EVT-06,0
SUB-INL-086,EVT-06,0
SUB-INL-087,EVT-06,0
SUB-INL-088,EVT-06,0
SUB-INL-089,EVT-06,0
SUB-INL-090,EVT-06,0
SUB-INL-091,EVT-06,0
SUB-INL-092,EVT-06,0
SUB-INL-093,EVT-06,0
SUB-INL-094,EVT-06,0
SUB-INL-095,EVT-06,0
SUB-INL-096,EVT-06,0
SUB-INL-097,EVT-06,0
SUB-INL-098,EVT-06,0
SUB-INL-099,EVT-06,0
SUB-INL-100,EVT-06,0
SUB-INL-101,EVT-06,0
SUB-INL-102,EVT-06,0
SUB-INL-103,EVT-06,0
SUB-INL-104,EVT-06,0
SUB-INL-105,EVT-06,0
SUB-INL-106,EVT-06,0
SUB-INL-107,EVT-06,0
SUB-INL-108,EVT-06,0
SUB-INL-109,EVT-06,0
SUB-INL-110,EVT-06,0
SUB-INL-111,EVT-06,0
SUB-INL-112,EVT-06,0
SUB-INL-113,EVT-06,0
SUB-INL-114,EVT-06,0
SUB-INL-115,EVT-06,0
SUB-INL-116,EVT-06,0
SUB-INL-117,EVT-06,0
SUB-INL-118,EVT-06,1
SUB-INL-119,EVT-06,0
SUB-INL-120,EVT-06,0
SUB-INL-121,EVT-06,0
SUB-INL-122,EVT-06,0
SUB-INL-123,EVT-06,0
SUB-INL-124,EVT-06,0
SUB-INL-125,EVT-06,0
SUB-INL-126,EVT-06,0
SUB-INL-127,EVT-06,0
SUB-INL-128,EVT-06,0
SUB-INL-129,EVT-06,0
SUB-INL-130,EVT-06,0
SUB-INL-131,EVT-06,0
SUB-INL-132,EVT-06,0
SUB-INL-133,EVT-06,0
SUB-INL-134,EVT-06,0
SUB-INL-135,EVT-06,0
SUB-INL-136,EVT-06,0
SUB-INL-137,EVT-06,0
SUB-INL-138,EVT-06,0
SUB-INL-139,EVT-06,0
SUB-INL-140,EVT-06,0
SUB-INL-141,EVT-06,0
SUB-INL-142,EVT-06,0
SUB-INL-143,EVT-06,0
SUB-INL-144,EVT-06,0
SUB-INL-145,EVT-06,0
SUB-INL-146,EVT-06,0
SUB-INL-147,EVT-06,0
SUB-INL-148,EVT-06,0
SUB-INL-149,EVT-06,0
SUB-INL-150,EVT-06,0
SUB-INL-001,EVT-07,0
SUB-INL-002,EVT-07,0
SUB-INL-003,EVT-07,0
SUB-INL-004,EVT-07,0
SUB-INL-005,EVT-07,0
SUB-INL-006,EVT-07,0
SUB-INL-007,EVT-07,0
SUB-INL-008,EVT-07,1
SUB-INL-009,EVT-07,0
SUB-INL-010,EVT-07,0
SUB-INL-011,EVT-07,0
SUB-INL-012,EVT-07,0
SUB-INL-013,EVT-07,0
SUB-INL-014,EVT-07,0
SUB-INL-015,EVT-07,0
SUB-INL-016,EVT-07,0
SUB-INL-017,EVT-07,0
SUB-INL-018,EVT-07,0
SUB-INL-019,EVT-07,0
SUB-INL-020,EVT-07,0
SUB-INL-021,EVT-07,0
SUB-INL-022,EVT-07,0
SUB-INL-023,EVT-07,0
SUB-INL-024,EVT-07,0
SUB-INL-025,EVT-07,0
SUB-INL-026,EVT-07,0
SUB-INL-027,EVT-07,0
SUB-INL-028,EVT-07,0
SUB-INL-029,EVT-07,0
SUB-INL-030,EVT-07,0
SUB-INL-031,EVT-07,0
SUB-INL-032,EVT-07,0
SUB-INL-033,EVT-07,1
SUB-INL-034,EVT-07,0
SUB-INL-035,EVT-07,0
SUB-INL-036,EVT-07,0
SUB-INL-037,EVT-07,0
SUB-INL-038,EVT-07,0
SUB-INL-039,EVT-07,0
SUB-INL-040,EVT-07,0
SUB-INL-041,EVT-07,0
SUB-INL-042,EVT-07,0
SUB-INL-043,EVT-07,0
SUB-INL-044,EVT-07,0
SUB-INL-045,EVT-07,0
SUB-INL-046,EVT-07,1
SUB-INL-047,EVT-07,1
SUB-INL-048,EVT-07,0
SUB-INL-049,EVT-07,1
SUB-INL-050,EVT-07,0
SUB-INL-051,EVT-07,0
SUB-INL-052,EVT-07,0
SUB-INL-053,EVT-07,0
SUB-INL-054,EVT-07,0
SUB-INL-055,EVT-07,0
SUB-INL-056,EVT-07,0
SUB-INL-057,EVT-07,0
SUB-INL-058,EVT-07,0
SUB-INL-059,EVT-07,0
SUB-INL-060,EVT-07,0
SUB-INL-061,EVT-07,0
SUB-INL-062,EVT-07,0
SUB-INL-063,EVT-07,0
SUB-INL-064,EVT-07,1
SUB-INL-065,EVT-07,0
SUB-INL-066,EVT-07,1
SUB-INL-067,EVT-07,0
SUB-INL-068,EVT-07,1
SUB-INL-069,EVT-07,0
SUB-INL-070,EVT-07,1
SUB-INL-071,EVT-07,0
SUB-INL-072,EVT-07,1
SUB-INL-073,EVT-07,0
SUB-INL-074,EVT-07,0
SUB-INL-075,EVT-07,0
SUB-INL-076,EVT-07,1
SUB-INL-077,EVT-07,0
SUB-INL-078,EVT-07,1
SUB-INL-079,EVT-07,1
SUB-INL-080,EVT-07,1
SUB-INL-081,EVT-07,0
SUB-INL-082,EVT-07,0
SUB-INL-083,EVT-07,0
SUB-INL-084,EVT-07,0
SUB-INL-085,EVT-07,0
SUB-INL-086,EVT-07,0
SUB-INL-087,EVT-07,0
SUB-INL-088,EVT-07,0
SUB-INL-089,EVT-07,0
SUB-INL-090,EVT-07,0
SUB-INL-091,EVT-07,0
SUB-INL-092,EVT-07,0
SUB-INL-093,EVT-07,0
SUB-INL-094,EVT-07,0
SUB-INL-095,EVT-07,0
SUB-INL-096,EVT-07,0
SUB-INL-097,EVT-07,0
SUB-INL-098,EVT-07,0
SUB-INL-099,EVT-07,1
SUB-INL-100,EVT-07,0
SUB-INL-101,EVT-07,1
SUB-INL-102,EVT-07,0
SUB-INL-103,EVT-07,0
SUB-INL-104,EVT-07,0
SUB-INL-105,EVT-07,0
SUB-INL-106,EVT-07,0
SUB-INL-107,EVT-07,1
SUB-INL-108,EVT-07,0
SUB-INL-109,EVT-07,0
SUB-INL-110,EVT-07,0
SUB-INL-111,EVT-07,0
SUB-INL-112,EVT-07,0
SUB-INL-113,EVT-07,0
SUB-INL-114,EVT-07,0
SUB-INL-115,EVT-07,0
SUB-INL-116,EVT-07,0
SUB-INL-117,EVT-07,0
SUB-INL-118,EVT-07,0
SUB-INL-119,EVT-07,1
SUB-INL-120,EVT-07,0
SUB-INL-121,EVT-07,0
SUB-INL-122,EVT-07,0
SUB-INL-123,EVT-07,0
SUB-INL-124,EVT-07,0
SUB-INL-125,EVT-07,0
SUB-INL-126,EVT-07,0
SUB-INL-127,EVT-07,0
SUB-INL-128,EVT-07,1
SUB-INL-129,EVT-07,1
SUB-INL-130,EVT-07,0
SUB-INL-131,EVT-07,0
SUB-INL-132,EVT-07,0
SUB-INL-133,EVT-07,0
SUB-INL-134,EVT-07,0
SUB-INL-135,EVT-07,0
SUB-INL-136,EVT-07,0
SUB-INL-137,EVT-07,0
SUB-INL-138,EVT-07,0
SUB-INL-139,EVT-07,0
SUB-INL-140,EVT-07,0
SUB-INL-141,EVT-07,0
SUB-INL-142,EVT-07,1
SUB-INL-143,EVT-07,0
SUB-INL-144,EVT-07,0
SUB-INL-145,EVT-07,0
SUB-INL-146,EVT-07,0
SUB-INL-147,EVT-07,0
SUB-INL-148,EVT-07,0
SUB-INL-149,EVT-07,0
SUB-INL-150,EVT-07,0
SUB-INL-001,EVT-08,0
SUB-INL-002,EVT-08,0
SUB-INL-003,EVT-08,0
SUB-INL-004,EVT-08,0
SUB-INL-005,EVT-08,0
SUB-INL-006,EVT-08,0
SUB-INL-007,EVT-08,0
SUB-INL-008,EVT-08,0
SUB-INL-009,EVT-08,0
SUB-INL-010,EVT-08,0
SUB-INL-011,EVT-08,0
SUB-INL-012,EVT-08,0
SUB-INL-013,EVT-08,0
SUB-INL-014,EVT-08,1
SUB-INL-015,EVT-08,0
SUB-INL-016,EVT-08,0
SUB-INL-017,EVT-08,0
SUB-INL-018,EVT-08,0
SUB-INL-019,EVT-08,0
SUB-INL-020,EVT-08,0
SUB-INL-021,EVT-08,0
SUB-INL-022,EVT-08,0
SUB-INL-023,EVT-08,0
SUB-INL-024,EVT-08,0
SUB-INL-025,EVT-08,0
SUB-INL-026,EVT-08,0
SUB-INL-027,EVT-08,0
SUB-INL-028,EVT-08,0
SUB-INL-029,EVT-08,0
SUB-INL-030,EVT-08,0
SUB-INL-031,EVT-08,0
SUB-INL-032,EVT-08,0
SUB-INL-033,EVT-08,0
SUB-INL-034,EVT-08,0
SUB-INL-035,EVT-08,0
SUB-INL-036,EVT-08,0
SUB-INL-037,EVT-08,0
SUB-INL-038,EVT-08,0
SUB-INL-039,EVT-08,0
SUB-INL-040,EVT-08,0
SUB-INL-041,EVT-08,0
SUB-INL-042,EVT-08,0
SUB-INL-043,EVT-08,0
SUB-INL-044,EVT-08,0
SUB-INL-045,EVT-08,0
SUB-INL-046,EVT-08,0
SUB-INL-047,EVT-08,0
SUB-INL-048,EVT-08,0
SUB-INL-049,EVT-08,0
SUB-INL-050,EVT-08,0
SUB-INL-051,EVT-08,0
SUB-INL-052,EVT-08,0
SUB-INL-053,EVT-08,0
SUB-INL-054,EVT-08,0
SUB-INL-055,EVT-08,0
SUB-INL-056,EVT-08,0
SUB-INL-057,EVT-08,0
SUB-INL-058,EVT-08,0
SUB-INL-059,EVT-08,0
SUB-INL-060,EVT-08,0
SUB-INL-061,EVT-08,0
SUB-INL-062,EVT-08,0
SUB-INL-063,EVT-08,0
SUB-INL-064,EVT-08,0
SUB-INL-065,EVT-08,0
SUB-INL-066,EVT-08,0
SUB-INL-067,EVT-08,0
SUB-INL-068,EVT-08,0
SUB-INL-069,EVT-08,0
SUB-INL-070,EVT-08,0
SUB-INL-071,EVT-08,0
SUB-INL-072,EVT-08,0
SUB-INL-073,EVT-08,0
SUB-INL-074,EVT-08,0
SUB-INL-075,EVT-08,0
SUB-INL-076,EVT-08,0
SUB-INL-077,EVT-08,0
SUB-INL-078,EVT-08,0
SUB-INL-079,EVT-08,0
SUB-INL-080,EVT-08,0
SUB-INL-081,EVT-08,0
SUB-INL-082,EVT-08,0
SUB-INL-083,EVT-08,0
SUB-INL-084,EVT-08,0
SUB-INL-085,EVT-08,0
SUB-INL-086,EVT-08,0
SUB-INL-087,EVT-08,0
SUB-INL-088,EVT-08,0
SUB-INL-089,EVT-08,0
SUB-INL-090,EVT-08,0
SUB-INL-091,EVT-08,0
SUB-INL-092,EVT-08,0
SUB-INL-093,EVT-08,0
SUB-INL-094,EVT-08,0
SUB-INL-095,EVT-08,0
SUB-INL-096,EVT-08,0
SUB-INL-097,EVT-08,0
SUB-INL-098,EVT-08,0
SUB-INL-099,EVT-08,0
SUB-INL-100,EVT-08,0
SUB-INL-101,EVT-08,0
SUB-INL-102,EVT-08,0
SUB-INL-103,EVT-08,0
SUB-INL-104,EVT-08,0
SUB-INL-105,EVT-08,0
SUB-INL-106,EVT-08,0
SUB-INL-107,EVT-08,0
SUB-INL-108,EVT-08,0
SUB-INL-109,EVT-08,0
SUB-INL-110,EVT-08,0
SUB-INL-111,EVT-08,0
SUB-INL-112,EVT-08,0
SUB-INL-113,EVT-08,0
SUB-INL-114,EVT-08,0
SUB-INL-115,EVT-08,0
SUB-INL-116,EVT-08,0
SUB-INL-117,EVT-08,0
SUB-INL-118,EVT-08,0
SUB-INL-119,EVT-08,0
SUB-INL-120,EVT-08,0
SUB-INL-121,EVT-08,0
SUB-INL-122,EVT-08,0
SUB-INL-123,EVT-08,0
SUB-INL-124,EVT-08,0
SUB-INL-125,EVT-08,0
SUB-INL-126,EVT-08,0
SUB-INL-127,EVT-08,0
SUB-INL-128,EVT-08,0
SUB-INL-129,EVT-08,0
SUB-INL-130,EVT-08,0
SUB-INL-131,EVT-08,0
SUB-INL-132,EVT-08,0
SUB-INL-133,EVT-08,0
SUB-INL-134,EVT-08,0
SUB-INL-135,EVT-08,0
SUB-INL-136,EVT-08,0
SUB-INL-137,EVT-08,0
SUB-INL-138,EVT-08,0
SUB-INL-139,EVT-08,0
SUB-INL-140,EVT-08,0
SUB-INL-141,EVT-08,0
SUB-INL-142,EVT-08,0
SUB-INL-143,EVT-08,0
SUB-INL-144,EVT-08,0
SUB-INL-145,EVT-08,0
SUB-INL-146,EVT-08,0
SUB-INL-147,EVT-08,0
SUB-INL-148,EVT-08,0
SUB-INL-149,EVT-08,0
SUB-INL-150,EVT-08,0
SUB-INL-001,EVT-09,0
SUB-INL-002,EVT-09,0
SUB-INL-003,EVT-09,0
SUB-INL-004,EVT-09,0
SUB-INL-005,EVT-09,0
SUB-INL-006,EVT-09,0
SUB-INL-007,EVT-09,0
SUB-INL-008,EVT-09,0
SUB-INL-009,EVT-09,0
SUB-INL-010,EVT-09,0
SUB-INL-011,EVT-09,0
SUB-INL-012,EVT-09,0
SUB-INL-013,EVT-09,0
SUB-INL-014,EVT-09,0
SUB-INL-015,EVT-09,0
SUB-INL-016,EVT-09,0
SUB-INL-017,EVT-09,1
SUB-INL-018,EVT-09,0
SUB-INL-019,EVT-09,0
SUB-INL-020,EVT-09,0
SUB-INL-021,EVT-09,0
SUB-INL-022,EVT-09,0
SUB-INL-023,EVT-09,0
SUB-INL-024,EVT-09,0
SUB-INL-025,EVT-09,0
SUB-INL-026,EVT-09,0
SUB-INL-027,EVT-09,0
SUB-INL-028,EVT-09,0
SUB-INL-029,EVT-09,0
SUB-INL-030,EVT-09,0
SUB-INL-031,EVT-09,0
SUB-INL-032,EVT-09,0
SUB-INL-033,EVT-09,0
SUB-INL-034,EVT-09,0
SUB-INL-035,EVT-09,0
SUB-INL-036,EVT-09,0
SUB-INL-037,EVT-09,0
SUB-INL-038,EVT-09,0
SUB-INL-039,EVT-09,0
SUB-INL-040,EVT-09,0
SUB-INL-041,EVT-09,0
SUB-INL-042,EVT-09,0
SUB-INL-043,EVT-09,0
SUB-INL-044,EVT-09,0
SUB-INL-045,EVT-09,0
SUB-INL-046,EVT-09,0
SUB-INL-047,EVT-09,0
SUB-INL-048,EVT-09,0
SUB-INL-049,EVT-09,0
SUB-INL-050,EVT-09,0
SUB-INL-051,EVT-09,0
SUB-INL-052,EVT-09,0
SUB-INL-053,EVT-09,0
SUB-INL-054,EVT-09,0
SUB-INL-055,EVT-09,0
SUB-INL-056,EVT-09,0
SUB-INL-057,EVT-09,0
SUB-INL-058,EVT-09,0
SUB-INL-059,EVT-09,0
SUB-INL-060,EVT-09,0
SUB-INL-061,EVT-09,0
SUB-INL-062,EVT-09,0
SUB-INL-063,EVT-09,0
SUB-INL-064,EVT-09,0
SUB-INL-065,EVT-09,0
SUB-INL-066,EVT-09,0
SUB-INL-067,EVT-09,0
SUB-INL-068,EVT-09,0
SUB-INL-069,EVT-09,0
SUB-INL-070,EVT-09,0
SUB-INL-071,EVT-09,0
SUB-INL-072,EVT-09,0
SUB-INL-073,EVT-09,0
SUB-INL-074,EVT-09,0
SUB-INL-075,EVT-09,0
SUB-INL-076,EVT-09,0
SUB-INL-077,EVT-09,0
SUB-INL-078,EVT-09,0
SUB-INL-079,EVT-09,0
SUB-INL-080,EVT-09,1
SUB-INL-081,EVT-09,0
SUB-INL-082,EVT-09,0
SUB-INL-083,EVT-09,0
SUB-INL-084,EVT-09,0
SUB-INL-085,EVT-09,0
SUB-INL-086,EVT-09,0
SUB-INL-087,EVT-09,0
SUB-INL-088,EVT-09,0
SUB-INL-089,EVT-09,0
SUB-INL-090,EVT-09,0
SUB-INL-091,EVT-09,0
SUB-INL-092,EVT-09,0
SUB-INL-093,EVT-09,0
SUB-INL-094,EVT-09,0
SUB-INL-095,EVT-09,0
SUB-INL-096,EVT-09,0
SUB-INL-097,EVT-09,0
SUB-INL-098,EVT-09,0
SUB-INL-099,EVT-09,0
SUB-INL-100,EVT-09,0
SUB-INL-101,EVT-09,0
SUB-INL-102,EVT-09,0
SUB-INL-103,EVT-09,0
SUB-INL-104,EVT-09,0
SUB-INL-105,EVT-09,0
SUB-INL-106,EVT-09,0
SUB-INL-107,EVT-09,0
SUB-INL-108,EVT-09,0
SUB-INL-109,EVT-09,0
SUB-INL-110,EVT-09,0
SUB-INL-111,EVT-09,0
SUB-INL-112,EVT-09,0
SUB-INL-113,EVT-09,0
SUB-INL-114,EVT-09,0
SUB-INL-115,EVT-09,0
SUB-INL-116,EVT-09,0
SUB-INL-117,EVT-09,0
SUB-INL-118,EVT-09,0
SUB-INL-119,EVT-09,0
SUB-INL-120,EVT-09,0
SUB-INL-121,EVT-09,0
SUB-INL-122,EVT-09,0
SUB-INL-123,EVT-09,0
SUB-INL-124,EVT-09,0
SUB-INL-125,EVT-09,0
SUB-INL-126,EVT-09,0
SUB-INL-127,EVT-09,0
SUB-INL-128,EVT-09,0
SUB-INL-129,EVT-09,1
SUB-INL-130,EVT-09,0
SUB-INL-131,EVT-09,0
SUB-INL-132,EVT-09,0
SUB-INL-133,EVT-09,0
SUB-INL-134,EVT-09,0
SUB-INL-135,EVT-09,0
SUB-INL-136,EVT-09,0
SUB-INL-137,EVT-09,0
SUB-INL-138,EVT-09,0
SUB-INL-139,EVT-09,0
SUB-INL-140,EVT-09,0
SUB-INL-141,EVT-09,0
SUB-INL-142,EVT-09,0
SUB-INL-143,EVT-09,0
SUB-INL-144,EVT-09,0
SUB-INL-145,EVT-09,0
SUB-INL-146,EVT-09,0
SUB-INL-147,EVT-09,0
SUB-INL-148,EVT-09,0
SUB-INL-149,EVT-09,0
SUB-INL-150,EVT-09,0
SUB-INL-001,EVT-10,0
SUB-INL-002,EVT-10,0
SUB-INL-003,EVT-10,0
SUB-INL-004,EVT-10,0
SUB-INL-005,EVT-10,0
SUB-INL-006,EVT-10,0
SUB-INL-007,EVT-10,0
SUB-INL-008,EVT-10,0
SUB-INL-009,EVT-10,1
SUB-INL-010,EVT-10,0
SUB-INL-011,EVT-10,0
SUB-INL-012,EVT-10,0
SUB-INL-013,EVT-10,1
SUB-INL-014,EVT-10,1
SUB-INL-015,EVT-10,0
SUB-INL-016,EVT-10,0
SUB-INL-017,EVT-10,0
SUB-INL-018,EVT-10,0
SUB-INL-019,EVT-10,1
SUB-INL-020,EVT-10,0
SUB-INL-021,EVT-10,0
SUB-INL-022,EVT-10,0
SUB-INL-023,EVT-10,0
SUB-INL-024,EVT-10,0
SUB-INL-025,EVT-10,0
SUB-INL-026,EVT-10,0
SUB-INL-027,EVT-10,0
SUB-INL-028,EVT-10,0
SUB-INL-029,EVT-10,0
SUB-INL-030,EVT-10,0
SUB-INL-031,EVT-10,0
SUB-INL-032,EVT-10,1
SUB-INL-033,EVT-10,1
SUB-INL-034,EVT-10,0
SUB-INL-035,EVT-10,0
SUB-INL-036,EVT-10,0
SUB-INL-037,EVT-10,0
SUB-INL-038,EVT-10,0
SUB-INL-039,EVT-10,0
SUB-INL-040,EVT-10,0
SUB-INL-041,EVT-10,0
SUB-INL-042,EVT-10,0
SUB-INL-043,EVT-10,0
SUB-INL-044,EVT-10,0
SUB-INL-045,EVT-10,0
SUB-INL-046,EVT-10,1
SUB-INL-047,EVT-10,0
SUB-INL-048,EVT-10,0
SUB-INL-049,EVT-10,0
SUB-INL-050,EVT-10,0
SUB-INL-051,EVT-10,0
SUB-INL-052,EVT-10,0
SUB-INL-053,EVT-10,0
SUB-INL-054,EVT-10,1
SUB-INL-055,EVT-10,0
SUB-INL-056,EVT-10,0
SUB-INL-057,EVT-10,0
SUB-INL-058,EVT-10,0
SUB-INL-059,EVT-10,1
SUB-INL-060,EVT-10,0
SUB-INL-061,EVT-10,1
SUB-INL-062,EVT-10,0
SUB-INL-063,EVT-10,0
SUB-INL-064,EVT-10,0
SUB-INL-065,EVT-10,0
SUB-INL-066,EVT-10,1
SUB-INL-067,EVT-10,0
SUB-INL-068,EVT-10,1
SUB-INL-069,EVT-10,0
SUB-INL-070,EVT-10,1
SUB-INL-071,EVT-10,0
SUB-INL-072,EVT-10,0
SUB-INL-073,EVT-10,0
SUB-INL-074,EVT-10,0
SUB-INL-075,EVT-10,0
SUB-INL-076,EVT-10,0
SUB-INL-077,EVT-10,0
SUB-INL-078,EVT-10,1
SUB-INL-079,EVT-10,1
SUB-INL-080,EVT-10,1
SUB-INL-081,EVT-10,0
SUB-INL-082,EVT-10,1
SUB-INL-083,EVT-10,1
SUB-INL-084,EVT-10,0
SUB-INL-085,EVT-10,0
SUB-INL-086,EVT-10,1
SUB-INL-087,EVT-10,0
SUB-INL-088,EVT-10,0
SUB-INL-089,EVT-10,0
SUB-INL-090,EVT-10,0
SUB-INL-091,EVT-10,0
SUB-INL-092,EVT-10,0
SUB-INL-093,EVT-10,0
SUB-INL-094,EVT-10,1
SUB-INL-095,EVT-10,0
SUB-INL-096,EVT-10,0
SUB-INL-097,EVT-10,1
SUB-INL-098,EVT-10,0
SUB-INL-099,EVT-10,1
SUB-INL-100,EVT-10,1
SUB-INL-101,EVT-10,0
SUB-INL-102,EVT-10,0
SUB-INL-103,EVT-10,0
SUB-INL-104,EVT-10,1
SUB-INL-105,EVT-10,0
SUB-INL-106,EVT-10,0
SUB-INL-107,EVT-10,0
SUB-INL-108,EVT-10,0
SUB-INL-109,EVT-10,0
SUB-INL-110,EVT-10,0
SUB-INL-111,EVT-10,1
SUB-INL-112,EVT-10,0
SUB-INL-113,EVT-10,0
SUB-INL-114,EVT-10,1
SUB-INL-115,EVT-10,0
SUB-INL-116,EVT-10,0
SUB-INL-117,EVT-10,1
SUB-INL-118,EVT-10,0
SUB-INL-119,EVT-10,1
SUB-INL-120,EVT-10,0
SUB-INL-121,EVT-10,0
SUB-INL-122,EVT-10,0
SUB-INL-123,EVT-10,0
SUB-INL-124,EVT-10,0
SUB-INL-125,EVT-10,0
SUB-INL-126,EVT-10,0
SUB-INL-127,EVT-10,0
SUB-INL-128,EVT-10,1
SUB-INL-129,EVT-10,0
SUB-INL-130,EVT-10,0
SUB-INL-131,EVT-10,0
SUB-INL-132,EVT-10,0
SUB-INL-133,EVT-10,0
SUB-INL-134,EVT-10,0
SUB-INL-135,EVT-10,0
SUB-INL-136,EVT-10,0
SUB-INL-137,EVT-10,0
SUB-INL-138,EVT-10,0
SUB-INL-139,EVT-10,0
SUB-INL-140,EVT-10,0
SUB-INL-141,EVT-10,0
SUB-INL-142,EVT-10,0
SUB-INL-143,EVT-10,0
SUB-INL-144,EVT-10,0
SUB-INL-145,EVT-10,0
SUB-INL-146,EVT-10,0
SUB-INL-147,EVT-10,0
SUB-INL-148,EVT-10,0
SUB-INL-149,EVT-10,0
SUB-INL-150,EVT-10,0
SUB-INL-001,EVT-11,0
SUB-INL-002,EVT-11,0
SUB-INL-003,EVT-11,0
SUB-INL-004,EVT-11,0
SUB-INL-005,EVT-11,0
SUB-INL-006,EVT-11,0
SUB-INL-007,EVT-11,0
SUB-INL-008,EVT-11,0
SUB-INL-009,EVT-11,0
SUB-INL-010,EVT-11,0
SUB-INL-011,EVT-11,0
SUB-INL-012,EVT-11,0
SUB-INL-013,EVT-11,0
SUB-INL-014,EVT-11,0
SUB-INL-015,EVT-11,0
SUB-INL-016,EVT-11,0
SUB-INL-017,EVT-11,0
SUB-INL-018,EVT-11,0
SUB-INL-019,EVT-11,0
SUB-INL-020,EVT-11,0
SUB-INL-021,EVT-11,0
SUB-INL-022,EVT-11,0
SUB-INL-023,EVT-11,0
SUB-INL-024,EVT-11,0
SUB-INL-025,EVT-11,0
SUB-INL-026,EVT-11,0
SUB-INL-027,EVT-11,0
SUB-INL-028,EVT-11,0
SUB-INL-029,EVT-11,0
SUB-INL-030,EVT-11,0
SUB-INL-031,EVT-11,0
SUB-INL-032,EVT-11,0
SUB-INL-033,EVT-11,0
SUB-INL-034,EVT-11,0
SUB-INL-035,EVT-11,0
SUB-INL-036,EVT-11,0
SUB-INL-037,EVT-11,0
SUB-INL-038,EVT-11,0
SUB-INL-039,EVT-11,0
SUB-INL-040,EVT-11,0
SUB-INL-041,EVT-11,0
SUB-INL-042,EVT-11,0
SUB-INL-043,EVT-11,0
SUB-INL-044,EVT-11,0
SUB-INL-045,EVT-11,0
SUB-INL-046,EVT-11,0
SUB-INL-047,EVT-11,0
SUB-INL-048,EVT-11,0
SUB-INL-049,EVT-11,0
SUB-INL-050,EVT-11,0
SUB-INL-051,EVT-11,0
SUB-INL-052,EVT-11,0
SUB-INL-053,EVT-11,0
SUB-INL-054,EVT-11,0
SUB-INL-055,EVT-11,0
SUB-INL-056,EVT-11,0
SUB-INL-057,EVT-11,0
SUB-INL-058,EVT-11,0
SUB-INL-059,EVT-11,0
SUB-INL-060,EVT-11,0
SUB-INL-061,EVT-11,0
SUB-INL-062,EVT-11,0
SUB-INL-063,EVT-11,0
SUB-INL-064,EVT-11,0
SUB-INL-065,EVT-11,0
SUB-INL-066,EVT-11,0
SUB-INL-067,EVT-11,0
SUB-INL-068,EVT-11,0
SUB-INL-069,EVT-11,0
SUB-INL-070,EVT-11,0
SUB-INL-071,EVT-11,0
SUB-INL-072,EVT-11,0
SUB-INL-073,EVT-11,0
SUB-INL-074,EVT-11,0
SUB-INL-075,EVT-11,0
SUB-INL-076,EVT-11,0
SUB-INL-077,EVT-11,0
SUB-INL-078,EVT-11,0
SUB-INL-079,EVT-11,0
SUB-INL-080,EVT-11,0
SUB-INL-081,EVT-11,0
SUB-INL-082,EVT-11,0
SUB-INL-083,EVT-11,0
SUB-INL-084,EVT-11,0
SUB-INL-085,EVT-11,0
SUB-INL-086,EVT-11,0
SUB-INL-087,EVT-11,0
SUB-INL-088,EVT-11,0
SUB-INL-089,EVT-11,0
SUB-INL-090,EVT-11,0
SUB-INL-091,EVT-11,0
SUB-INL-092,EVT-11,0
SUB-INL-093,EVT-11,0
SUB-INL-094,EVT-11,0
SUB-INL-095,EVT-11,0
SUB-INL-096,EVT-11,0
SUB-INL-097,EVT-11,0
SUB-INL-098,EVT-11,0
SUB-INL-099,EVT-11,0
SUB-INL-100,EVT-11,0
SUB-INL-101,EVT-11,0
SUB-INL-102,EVT-11,0
SUB-INL-103,EVT-11,0
SUB-INL-104,EVT-11,0
SUB-INL-105,EVT-11,0
SUB-INL-106,EVT-11,0
SUB-INL-107,EVT-11,0
SUB-INL-108,EVT-11,0
SUB-INL-109,EVT-11,0
SUB-INL-110,EVT-11,0
SUB-INL-111,EVT-11,0
SUB-INL-112,EVT-11,0
SUB-INL-113,EVT-11,0
SUB-INL-114,EVT-11,0
SUB-INL-115,EVT-11,0
SUB-INL-116,EVT-11,0
SUB-INL-117,EVT-11,0
SUB-INL-118,EVT-11,0
SUB-INL-119,EVT-11,0
SUB-INL-120,EVT-11,0
SUB-INL-121,EVT-11,0
SUB-INL-122,EVT-11,0
SUB-INL-123,EVT-11,0
SUB-INL-124,EVT-11,0
SUB-INL-125,EVT-11,0
SUB-INL-126,EVT-11,0
SUB-INL-127,EVT-11,0
SUB-INL-128,EVT-11,0
SUB-INL-129,EVT-11,0
SUB-INL-130,EVT-11,0
SUB-INL-131,EVT-11,0
SUB-INL-132,EVT-11,0
SUB-INL-133,EVT-11,0
SUB-INL-134,EVT-11,0
SUB-INL-135,EVT-11,0
SUB-INL-136,EVT-11,0
SUB-INL-137,EVT-11,0
SUB-INL-138,EVT-11,0
SUB-INL-139,EVT-11,0
SUB-INL-140,EVT-11,0
SUB-INL-141,EVT-11,0
SUB-INL-142,EVT-11,0
SUB-INL-143,EVT-11,0
SUB-INL-144,EVT-11,0
SUB-INL-145,EVT-11,0
SUB-INL-146,EVT-11,0
SUB-INL-147,EVT-11,0
SUB-INL-148,EVT-11,0
SUB-INL-149,EVT-11,0
SUB-INL-150,EVT-11,1
SUB-INL-001,EVT-12,0
SUB-INL-002,EVT-12,0
SUB-INL-003,EVT-12,0
SUB-INL-004,EVT-12,0
SUB-INL-005,EVT-12,0
SUB-INL-006,EVT-12,0
SUB-INL-007,EVT-12,0
SUB-INL-008,EVT-12,0
SUB-INL-009,EVT-12,0
SUB-INL-010,EVT-12,0
SUB-INL-011,EVT-12,0
SUB-INL-012,EVT-12,0
SUB-INL-013,EVT-12,0
SUB-INL-014,EVT-12,0
SUB-INL-015,EVT-12,0
SUB-INL-016,EVT-12,0
SUB-INL-017,EVT-12,0
SUB-INL-018,EVT-12,0
SUB-INL-019,EVT-12,0
SUB-INL-020,EVT-12,0
SUB-INL-021,EVT-12,0
SUB-INL-022,EVT-12,0
SUB-INL-023,EVT-12,0
SUB-INL-024,EVT-12,0
SUB-INL-025,EVT-12,0
SUB-INL-026,EVT-12,0
SUB-INL-027,EVT-12,0
SUB-INL-028,EVT-12,0
SUB-INL-029,EVT-12,0
SUB-INL-030,EVT-12,0
SUB-INL-031,EVT-12,0
SUB-INL-032,EVT-12,0
SUB-INL-033,EVT-12,0
SUB-INL-034,EVT-12,0
SUB-INL-035,EVT-12,0
SUB-INL-036,EVT-12,0
SUB-INL-037,EVT-12,0
SUB-INL-038,EVT-12,0
SUB-INL-039,EVT-12,0
SUB-INL-040,EVT-12,0
SUB-INL-041,EVT-12,0
SUB-INL-042,EVT-12,0
SUB-INL-043,EVT-12,0
SUB-INL-044,EVT-12,0
SUB-INL-045,EVT-12,0
SUB-INL-046,EVT-12,0
SUB-INL-047,EVT-12,0
SUB-INL-048,EVT-12,0
SUB-INL-049,EVT-12,0
SUB-INL-050,EVT-12,0
SUB-INL-051,EVT-12,0
SUB-INL-052,EVT-12,0
SUB-INL-053,EVT-12,0
SUB-INL-054,EVT-12,0
SUB-INL-055,EVT-12,0
SUB-INL-056,EVT-12,0
SUB-INL-057,EVT-12,0
SUB-INL-058,EVT-12,1
SUB-INL-059,EVT-12,0
SUB-INL-060,EVT-12,0
SUB-INL-061,EVT-12,0
SUB-INL-062,EVT-12,0
SUB-INL-063,EVT-12,0
SUB-INL-064,EVT-12,0
SUB-INL-065,EVT-12,0
SUB-INL-066,EVT-12,0
SUB-INL-067,EVT-12,0
SUB-INL-068,EVT-12,0
SUB-INL-069,EVT-12,0
SUB-INL-070,EVT-12,0
SUB-INL-071,EVT-12,0
SUB-INL-072,EVT-12,0
SUB-INL-073,EVT-12,0
SUB-INL-074,EVT-12,0
SUB-INL-075,EVT-12,0
SUB-INL-076,EVT-12,0
SUB-INL-077,EVT-12,0
SUB-INL-078,EVT-12,0
SUB-INL-079,EVT-12,1
SUB-INL-080,EVT-12,0
SUB-INL-081,EVT-12,0
SUB-INL-082,EVT-12,0
SUB-INL-083,EVT-12,0
SUB-INL-084,EVT-12,0
SUB-INL-085,EVT-12,0
SUB-INL-086,EVT-12,0
SUB-INL-087,EVT-12,0
SUB-INL-088,EVT-12,0
SUB-INL-089,EVT-12,0
SUB-INL-090,EVT-12,0
SUB-INL-091,EVT-12,0
SUB-INL-092,EVT-12,0
SUB-INL-093,EVT-12,0
SUB-INL-094,EVT-12,0
SUB-INL-095,EVT-12,0
SUB-INL-096,EVT-12,0
SUB-INL-097,EVT-12,0
SUB-INL-098,EVT-12,0
SUB-INL-099,EVT-12,0
SUB-INL-100,EVT-12,0
SUB-INL-101,EVT-12,0
SUB-INL-102,EVT-12,0
SUB-INL-103,EVT-12,0
SUB-INL-104,EVT-12,0
SUB-INL-105,EVT-12,0
SUB-INL-106,EVT-12,0
SUB-INL-107,EVT-12,0
SUB-INL-108,EVT-12,0
SUB-INL-109,EVT-12,0
SUB-INL-110,EVT-12,0
SUB-INL-111,EVT-12,0
SUB-INL-112,EVT-12,0
SUB-INL-113,EVT-12,0
SUB-INL-114,EVT-12,0
SUB-INL-115,EVT-12,0
SUB-INL-116,EVT-12,1
SUB-INL-117,EVT-12,0
SUB-INL-118,EVT-12,0
SUB-INL-119,EVT-12,0
SUB-INL-120,EVT-12,0
SUB-INL-121,EVT-12,0
SUB-INL-122,EVT-12,0
SUB-INL-123,EVT-12,0
SUB-INL-124,EVT-12,0
SUB-INL-125,EVT-12,0
SUB-INL-126,EVT-12,0
SUB-INL-127,EVT-12,0
SUB-INL-128,EVT-12,0
SUB-INL-129,EVT-12,0
SUB-INL-130,EVT-12,0
SUB-INL-131,EVT-12,0
SUB-INL-132,EVT-12,0
SUB-INL-133,EVT-12,0
SUB-INL-134,EVT-12,0
SUB-INL-135,EVT-12,0
SUB-INL-136,EVT-12,0
SUB-INL-137,EVT-12,0
SUB-INL-138,EVT-12,0
SUB-INL-139,EVT-12,0
SUB-INL-140,EVT-12,0
SUB-INL-141,EVT-12,0
SUB-INL-142,EVT-12,0
SUB-INL-143,EVT-12,0
SUB-INL-144,EVT-12,0
SUB-INL-145,EVT-12,0
SUB-INL-146,EVT-12,0
SUB-INL-147,EVT-12,0
SUB-INL-148,EVT-12,0
SUB-INL-149,EVT-12,0
SUB-INL-150,EVT-12,0
SUB-INL-001,EVT-13,0
SUB-INL-002,EVT-13,0
SUB-INL-003,EVT-13,0
SUB-INL-004,EVT-13,0
SUB-INL-005,EVT-13,0
SUB-INL-006,EVT-13,0
SUB-INL-007,EVT-13,0
SUB-INL-008,EVT-13,0
SUB-INL-009,EVT-13,0
SUB-INL-010,EVT-13,0
SUB-INL-011,EVT-13,0
SUB-INL-012,EVT-13,0
SUB-INL-013,EVT-13,0
SUB-INL-014,EVT-13,0
SUB-INL-015,EVT-13,0
SUB-INL-016,EVT-13,0
SUB-INL-017,EVT-13,0
SUB-INL-018,EVT-13,0
SUB-INL-019,EVT-13,0
SUB-INL-020,EVT-13,1
SUB-INL-021,EVT-13,0
SUB-INL-022,EVT-13,0
SUB-INL-023,EVT-13,0
SUB-INL-024,EVT-13,0
SUB-INL-025,EVT-13,0
SUB-INL-026,EVT-13,0
SUB-INL-027,EVT-13,0
SUB-INL-028,EVT-13,0
SUB-INL-029,EVT-13,0
SUB-INL-030,EVT-13,0
SUB-INL-031,EVT-13,0
SUB-INL-032,EVT-13,0
SUB-INL-033,EVT-13,0
SUB-INL-034,EVT-13,0
SUB-INL-035,EVT-13,0
SUB-INL-036,EVT-13,0
SUB-INL-037,EVT-13,0
SUB-INL-038,EVT-13,0
SUB-INL-039,EVT-13,0
SUB-INL-040,EVT-13,0
SUB-INL-041,EVT-13,0
SUB-INL-042,EVT-13,0
SUB-INL-043,EVT-13,0
SUB-INL-044,EVT-13,0
SUB-INL-045,EVT-13,0
SUB-INL-046,EVT-13,0
SUB-INL-047,EVT-13,0
SUB-INL-048,EVT-13,0
SUB-INL-049,EVT-13,0
SUB-INL-050,EVT-13,0
SUB-INL-051,EVT-13,1
SUB-INL-052,EVT-13,0
SUB-INL-053,EVT-13,0
SUB-INL-054,EVT-13,0
SUB-INL-055,EVT-13,0
SUB-INL-056,EVT-13,0
SUB-INL-057,EVT-13,0
SUB-INL-058,EVT-13,0
SUB-INL-059,EVT-13,0
SUB-INL-060,EVT-13,0
SUB-INL-061,EVT-13,0
SUB-INL-062,EVT-13,0
SUB-INL-063,EVT-13,0
SUB-INL-064,EVT-13,0
SUB-INL-065,EVT-13,0
SUB-INL-066,EVT-13,0
SUB-INL-067,EVT-13,0
SUB-INL-068,EVT-13,0
SUB-INL-069,EVT-13,0
SUB-INL-070,EVT-13,0
SUB-INL-071,EVT-13,0
SUB-INL-072,EVT-13,0
SUB-INL-073,EVT-13,0
SUB-INL-074,EVT-13,0
SUB-INL-075,EVT-13,0
SUB-INL-076,EVT-13,0
SUB-INL-077,EVT-13,0
SUB-INL-078,EVT-13,0
SUB-INL-079,EVT-13,0
SUB-INL-080,EVT-13,0
SUB-INL-081,EVT-13,0
SUB-INL-082,EVT-13,0
SUB-INL-083,EVT-13,0
SUB-INL-084,EVT-13,0
SUB-INL-085,EVT-13,0
SUB-INL-086,EVT-13,0
SUB-INL-087,EVT-13,0
SUB-INL-088,EVT-13,0
SUB-INL-089,EVT-13,0
SUB-INL-090,EVT-13,0
SUB-INL-091,EVT-13,0
SUB-INL-092,EVT-13,0
SUB-INL-093,EVT-13,0
SUB-INL-094,EVT-13,0
SUB-INL-095,EVT-13,0
SUB-INL-096,EVT-13,0
SUB-INL-097,EVT-13,0
SUB-INL-098,EVT-13,0
SUB-INL-099,EVT-13,0
SUB-INL-100,EVT-13,0
SUB-INL-101,EVT-13,0
SUB-INL-102,EVT-13,0
SUB-INL-103,EVT-13,0
SUB-INL-104,EVT-13,0
SUB-INL-105,EVT-13,0
SUB-INL-106,EVT-13,0
SUB-INL-107,EVT-13,0
SUB-INL-108,EVT-13,0
SUB-INL-109,EVT-13,0
SUB-INL-110,EVT-13,0
SUB-INL-111,EVT-13,0
SUB-INL-112,EVT-13,0
SUB-INL-113,EVT-13,0
SUB-INL-114,EVT-13,0
SUB-INL-115,EVT-13,0
SUB-INL-116,EVT-13,0
SUB-INL-117,EVT-13,0
SUB-INL-118,EVT-13,0
SUB-INL-119,EVT-13,0
SUB-INL-120,EVT-13,0
SUB-INL-121,EVT-13,0
SUB-INL-122,EVT-13,0
SUB-INL-123,EVT-13,0
SUB-INL-124,EVT-13,0
SUB-INL-125,EVT-13,0
SUB-INL-126,EVT-13,0
SUB-INL-127,EVT-13,0
SUB-INL-128,EVT-13,0
SUB-INL-129,EVT-13,0
SUB-INL-130,EVT-13,0
SUB-INL-131,EVT-13,0
SUB-INL-132,EVT-13,0
SUB-INL-133,EVT-13,0
SUB-INL-134,EVT-13,0
SUB-INL-135,EVT-13,0
SUB-INL-136,EVT-13,0
SUB-INL-137,EVT-13,0
SUB-INL-138,EVT-13,0
SUB-INL-139,EVT-13,0
SUB-INL-140,EVT-13,0
SUB-INL-141,EVT-13,0
SUB-INL-142,EVT-13,0
SUB-INL-143,EVT-13,0
SUB-INL-144,EVT-13,0
SUB-INL-145,EVT-13,0
SUB-INL-146,EVT-13,0
SUB-INL-147,EVT-13,0
SUB-INL-148,EVT-13,0
SUB-INL-149,EVT-13,0
SUB-INL-150,EVT-13,0
SUB-INL-001,EVT-14,0
SUB-INL-002,EVT-14,0
SUB-INL-003,EVT-14,0
SUB-INL-004,EVT-14,0
SUB-INL-005,EVT-14,0
SUB-INL-006,EVT-14,0
SUB-INL-007,EVT-14,0
SUB-INL-008,EVT-14,0
SUB-INL-009,EVT-14,0
SUB-INL-010,EVT-14,0
SUB-INL-011,EVT-14,0
SUB-INL-012,EVT-14,0
SUB-INL-013,EVT-14,0
SUB-INL-014,EVT-14,0
SUB-INL-015,EVT-14,0
SUB-INL-016,EVT-14,0
SUB-INL-017,EVT-14,0
SUB-INL-018,EVT-14,0
SUB-INL-019,EVT-14,0
SUB-INL-020,EVT-14,0
SUB-INL-021,EVT-14,0
SUB-INL-022,EVT-14,0
SUB-INL-023,EVT-14,0
SUB-INL-024,EVT-14,0
SUB-INL-025,EVT-14,0
SUB-INL-026,EVT-14,0
SUB-INL-027,EVT-14,0
SUB-INL-028,EVT-14,0
SUB-INL-029,EVT-14,0
SUB-INL-030,EVT-14,0
SUB-INL-031,EVT-14,0
SUB-INL-032,EVT-14,0
SUB-INL-033,EVT-14,0
SUB-INL-034,EVT-14,0
SUB-INL-035,EVT-14,0
SUB-INL-036,EVT-14,0
SUB-INL-037,EVT-14,0
SUB-INL-038,EVT-14,0
SUB-INL-039,EVT-14,0
SUB-INL-040,EVT-14,0
SUB-INL-041,EVT-14,0
SUB-INL-042,EVT-14,0
SUB-INL-043,EVT-14,0
SUB-INL-044,EVT-14,0
SUB-INL-045,EVT-14,0
SUB-INL-046,EVT-14,0
SUB-INL-047,EVT-14,0
SUB-INL-048,EVT-14,0
SUB-INL-049,EVT-14,0
SUB-INL-050,EVT-14,0
SUB-INL-051,EVT-14,0
SUB-INL-052,EVT-14,0
SUB-INL-053,EVT-14,0
SUB-INL-054,EVT-14,0
SUB-INL-055,EVT-14,0
SUB-INL-056,EVT-14,0
SUB-INL-057,EVT-14,0
SUB-INL-058,EVT-14,0
SUB-INL-059,EVT-14,0
SUB-INL-060,EVT-14,0
SUB-INL-061,EVT-14,0
SUB-INL-062,EVT-14,0
SUB-INL-063,EVT-14,0
SUB-INL-064,EVT-14,0
SUB-INL-065,EVT-14,0
SUB-INL-066,EVT-14,0
SUB-INL-067,EVT-14,0
SUB-INL-068,EVT-14,0
SUB-INL-069,EVT-14,0
SUB-INL-070,EVT-14,0
SUB-INL-071,EVT-14,0
SUB-INL-072,EVT-14,0
SUB-INL-073,EVT-14,0
SUB-INL-074,EVT-14,0
SUB-INL-075,EVT-14,0
SUB-INL-076,EVT-14,0
SUB-INL-077,EVT-14,0
SUB-INL-078,EVT-14,0
SUB-INL-079,EVT-14,0
SUB-INL-080,EVT-14,0
SUB-INL-081,EVT-14,0
SUB-INL-082,EVT-14,0
SUB-INL-083,EVT-14,0
SUB-INL-084,EVT-14,0
SUB-INL-085,EVT-14,0
SUB-INL-086,EVT-14,0
SUB-INL-087,EVT-14,0
SUB-INL-088,EVT-14,0
SUB-INL-089,EVT-14,0
SUB-INL-090,EVT-14,0
SUB-INL-091,EVT-14,0
SUB-INL-092,EVT-14,0
SUB-INL-093,EVT-14,0
SUB-INL-094,EVT-14,0
SUB-INL-095,EVT-14,0
SUB-INL-096,EVT-14,0
SUB-INL-097,EVT-14,0
SUB-INL-098,EVT-14,0
SUB-INL-099,EVT-14,0
SUB-INL-100,EVT-14,0
SUB-INL-101,EVT-14,0
SUB-INL-102,EVT-14,0
SUB-INL-103,EVT-14,0
SUB-INL-104,EVT-14,0
SUB-INL-105,EVT-14,0
SUB-INL-106,EVT-14,0
SUB-INL-107,EVT-14,0
SUB-INL-108,EVT-14,0
SUB-INL-109,EVT-14,0
SUB-INL-110,EVT-14,0
SUB-INL-111,EVT-14,0
SUB-INL-112,EVT-14,0
SUB-INL-113,EVT-14,0
SUB-INL-114,EVT-14,0
SUB-INL-115,EVT-14,0
SUB-INL-116,EVT-14,0
SUB-INL-117,EVT-14,0
SUB-INL-118,EVT-14,0
SUB-INL-119,EVT-14,0
SUB-INL-120,EVT-14,0
SUB-INL-121,EVT-14,0
SUB-INL-122,EVT-14,0
SUB-INL-123,EVT-14,0
SUB-INL-124,EVT-14,0
SUB-INL-125,EVT-14,0
SUB-INL-126,EVT-14,0
SUB-INL-127,EVT-14,0
SUB-INL-128,EVT-14,0
SUB-INL-129,EVT-14,0
SUB-INL-130,EVT-14,0
SUB-INL-131,EVT-14,0
SUB-INL-132,EVT-14,0
SUB-INL-133,EVT-14,0
SUB-INL-134,EVT-14,0
SUB-INL-135,EVT-14,0
SUB-INL-136,EVT-14,0
SUB-INL-137,EVT-14,0
SUB-INL-138,EVT-14,0
SUB-INL-139,EVT-14,0
SUB-INL-140,EVT-14,0
SUB-INL-141,EVT-14,0
SUB-INL-142,EVT-14,0
SUB-INL-143,EVT-14,0
SUB-INL-144,EVT-14,0
SUB-INL-145,EVT-14,0
SUB-INL-146,EVT-14,0
SUB-INL-147,EVT-14,0
SUB-INL-148,EVT-14,0
SUB-INL-149,EVT-14,0
SUB-INL-150,EVT-14,0
SUB-INL-001,EVT-15,0
SUB-INL-002,EVT-15,0
SUB-INL-003,EVT-15,0
SUB-INL-004,EVT-15,0
SUB-INL-005,EVT-15,0
SUB-INL-006,EVT-15,0
SUB-INL-007,EVT-15,0
SUB-INL-008,EVT-15,0
SUB-INL-009,EVT-15,0
SUB-INL-010,EVT-15,0
SUB-INL-011,EVT-15,0
SUB-INL-012,EVT-15,0
SUB-INL-013,EVT-15,0
SUB-INL-014,EVT-15,0
SUB-INL-015,EVT-15,0
SUB-INL-016,EVT-15,0
SUB-INL-017,EVT-15,0
SUB-INL-018,EVT-15,0
SUB-INL-019,EVT-15,0
SUB-INL-020,EVT-15,0
SUB-INL-021,EVT-15,0
SUB-INL-022,EVT-15,0
SUB-INL-023,EVT-15,0
SUB-INL-024,EVT-15,0
SUB-INL-025,EVT-15,0
SUB-INL-026,EVT-15,0
SUB-INL-027,EVT-15,0
SUB-INL-028,EVT-15,0
SUB-INL-029,EVT-15,0
SUB-INL-030,EVT-15,0
SUB-INL-031,EVT-15,0
SUB-INL-032,EVT-15,0
SUB-INL-033,EVT-15,0
SUB-INL-034,EVT-15,0
SUB-INL-035,EVT-15,0
SUB-INL-036,EVT-15,0
SUB-INL-037,EVT-15,0
SUB-INL-038,EVT-15,0
SUB-INL-039,EVT-15,0
SUB-INL-040,EVT-15,0
SUB-INL-041,EVT-15,0
SUB-INL-042,EVT-15,0
SUB-INL-043,EVT-15,0
SUB-INL-044,EVT-15,0
SUB-INL-045,EVT-15,0
SUB-INL-046,EVT-15,0
SUB-INL-047,EVT-15,0
SUB-INL-048,EVT-15,1
SUB-INL-049,EVT-15,0
SUB-INL-050,EVT-15,0
SUB-INL-051,EVT-15,0
SUB-INL-052,EVT-15,0
SUB-INL-053,EVT-15,0
SUB-INL-054,EVT-15,0
SUB-INL-055,EVT-15,0
SUB-INL-056,EVT-15,0
SUB-INL-057,EVT-15,0
SUB-INL-058,EVT-15,0
SUB-INL-059,EVT-15,0
SUB-INL-060,EVT-15,0
SUB-INL-061,EVT-15,0
SUB-INL-062,EVT-15,0
SUB-INL-063,EVT-15,0
SUB-INL-064,EVT-15,0
SUB-INL-065,EVT-15,0
SUB-INL-066,EVT-15,0
SUB-INL-067,EVT-15,0
SUB-INL-068,EVT-15,0
SUB-INL-069,EVT-15,0
SUB-INL-070,EVT-15,0
SUB-INL-071,EVT-15,0
SUB-INL-072,EVT-15,0
SUB-INL-073,EVT-15,0
SUB-INL-074,EVT-15,0
SUB-INL-075,EVT-15,0
SUB-INL-076,EVT-15,0
SUB-INL-077,EVT-15,0
SUB-INL-078,EVT-15,0
SUB-INL-079,EVT-15,0
SUB-INL-080,EVT-15,1
SUB-INL-081,EVT-15,0
SUB-INL-082,EVT-15,0
SUB-INL-083,EVT-15,0
SUB-INL-084,EVT-15,0
SUB-INL-085,EVT-15,0
SUB-INL-086,EVT-15,0
SUB-INL-087,EVT-15,0
SUB-INL-088,EVT-15,0
SUB-INL-089,EVT-15,0
SUB-INL-090,EVT-15,0
SUB-INL-091,EVT-15,0
SUB-INL-092,EVT-15,0
SUB-INL-093,EVT-15,0
SUB-INL-094,EVT-15,0
SUB-INL-095,EVT-15,0
SUB-INL-096,EVT-15,0
SUB-INL-097,EVT-15,0
SUB-INL-098,EVT-15,0
SUB-INL-099,EVT-15,0
SUB-INL-100,EVT-15,0
SUB-INL-101,EVT-15,0
SUB-INL-102,EVT-15,0
SUB-INL-103,EVT-15,0
SUB-INL-104,EVT-15,0
SUB-INL-105,EVT-15,0
SUB-INL-106,EVT-15,0
SUB-INL-107,EVT-15,0
SUB-INL-108,EVT-15,0
SUB-INL-109,EVT-15,0
SUB-INL-110,EVT-15,0
SUB-INL-111,EVT-15,0
SUB-INL-112,EVT-15,0
SUB-INL-113,EVT-15,0
SUB-INL-114,EVT-15,0
SUB-INL-115,EVT-15,0
SUB-INL-116,EVT-15,0
SUB-INL-117,EVT-15,0
SUB-INL-118,EVT-15,0
SUB-INL-119,EVT-15,0
SUB-INL-120,EVT-15,0
SUB-INL-121,EVT-15,0
SUB-INL-122,EVT-15,0
SUB-INL-123,EVT-15,0
SUB-INL-124,EVT-15,0
SUB-INL-125,EVT-15,0
SUB-INL-126,EVT-15,0
SUB-INL-127,EVT-15,0
SUB-INL-128,EVT-15,0
SUB-INL-129,EVT-15,0
SUB-INL-130,EVT-15,0
SUB-INL-131,EVT-15,0
SUB-INL-132,EVT-15,0
SUB-INL-133,EVT-15,0
SUB-INL-134,EVT-15,0
SUB-INL-135,EVT-15,0
SUB-INL-136,EVT-15,0
SUB-INL-137,EVT-15,0
SUB-INL-138,EVT-15,0
SUB-INL-139,EVT-15,0
SUB-INL-140,EVT-15,0
SUB-INL-141,EVT-15,0
SUB-INL-142,EVT-15,0
SUB-INL-143,EVT-15,0
SUB-INL-144,EVT-15,0
SUB-INL-145,EVT-15,0
SUB-INL-146,EVT-15,0
SUB-INL-147,EVT-15,0
SUB-INL-148,EVT-15,0
SUB-INL-149,EVT-15,0
SUB-INL-150,EVT-15,0
SUB-INL-001,EVT-16,0
SUB-INL-002,EVT-16,0
SUB-INL-003,EVT-16,0
SUB-INL-004,EVT-16,0
SUB-INL-005,EVT-16,0
SUB-INL-006,EVT-16,0
SUB-INL-007,EVT-16,0
SUB-INL-008,EVT-16,0
SUB-INL-009,EVT-16,0
SUB-INL-010,EVT-16,0
SUB-INL-011,EVT-16,0
SUB-INL-012,EVT-16,0
SUB-INL-013,EVT-16,0
SUB-INL-014,EVT-16,0
SUB-INL-015,EVT-16,0
SUB-INL-016,EVT-16,0
SUB-INL-017,EVT-16,0
SUB-INL-018,EVT-16,0
SUB-INL-019,EVT-16,0
SUB-INL-020,EVT-16,0
SUB-INL-021,EVT-16,0
SUB-INL-022,EVT-16,0
SUB-INL-023,EVT-16,0
SUB-INL-024,EVT-16,0
SUB-INL-025,EVT-16,0
SUB-INL-026,EVT-16,0
SUB-INL-027,EVT-16,0
SUB-INL-028,EVT-16,0
SUB-INL-029,EVT-16,0
SUB-INL-030,EVT-16,0
SUB-INL-031,EVT-16,0
SUB-INL-032,EVT-16,0
SUB-INL-033,EVT-16,0
SUB-INL-034,EVT-16,0
SUB-INL-035,EVT-16,0
SUB-INL-036,EVT-16,0
SUB-INL-037,EVT-16,0
SUB-INL-038,EVT-16,0
SUB-INL-039,EVT-16,0
SUB-INL-040,EVT-16,0
SUB-INL-041,EVT-16,0
SUB-INL-042,EVT-16,0
SUB-INL-043,EVT-16,0
SUB-INL-044,EVT-16,0
SUB-INL-045,EVT-16,0
SUB-INL-046,EVT-16,0
SUB-INL-047,EVT-16,0
SUB-INL-048,EVT-16,0
SUB-INL-049,EVT-16,0
SUB-INL-050,EVT-16,0
SUB-INL-051,EVT-16,0
SUB-INL-052,EVT-16,0
SUB-INL-053,EVT-16,0
SUB-INL-054,EVT-16,0
SUB-INL-055,EVT-16,0
SUB-INL-056,EVT-16,0
SUB-INL-057,EVT-16,0
SUB-INL-058,EVT-16,0
SUB-INL-059,EVT-16,0
SUB-INL-060,EVT-16,0
SUB-INL-061,EVT-16,0
SUB-INL-062,EVT-16,0
SUB-INL-063,EVT-16,0
SUB-INL-064,EVT-16,0
SUB-INL-065,EVT-16,0
SUB-INL-066,EVT-16,0
SUB-INL-067,EVT-16,0
SUB-INL-068,EVT-16,0
SUB-INL-069,EVT-16,0
SUB-INL-070,EVT-16,0
SUB-INL-071,EVT-16,0
SUB-INL-072,EVT-16,0
SUB-INL-073,EVT-16,0
SUB-INL-074,EVT-16,0
SUB-INL-075,EVT-16,0
SUB-INL-076,EVT-16,0
SUB-INL-077,EVT-16,0
SUB-INL-078,EVT-16,0
SUB-INL-079,EVT-16,0
SUB-INL-080,EVT-16,0
SUB-INL-081,EVT-16,0
SUB-INL-082,EVT-16,0
SUB-INL-083,EVT-16,0
SUB-INL-084,EVT-16,0
SUB-INL-085,EVT-16,0
SUB-INL-086,EVT-16,0
SUB-INL-087,EVT-16,0
SUB-INL-088,EVT-16,0
SUB-INL-089,EVT-16,0
SUB-INL-090,EVT-16,0
SUB-INL-091,EVT-16,0
SUB-INL-092,EVT-16,0
SUB-INL-093,EVT-16,0
SUB-INL-094,EVT-16,0
SUB-INL-095,EVT-16,0
SUB-INL-096,EVT-16,1
SUB-INL-097,EVT-16,0
SUB-INL-098,EVT-16,0
SUB-INL-099,EVT-16,0
SUB-INL-100,EVT-16,0
SUB-INL-101,EVT-16,0
SUB-INL-102,EVT-16,0
SUB-INL-103,EVT-16,0
SUB-INL-104,EVT-16,0
SUB-INL-105,EVT-16,0
SUB-INL-106,EVT-16,0
SUB-INL-107,EVT-16,0
SUB-INL-108,EVT-16,0
SUB-INL-109,EVT-16,0
SUB-INL-110,EVT-16,0
SUB-INL-111,EVT-16,0
SUB-INL-112,EVT-16,0
SUB-INL-113,EVT-16,0
SUB-INL-114,EVT-16,0
SUB-INL-115,EVT-16,0
SUB-INL-116,EVT-16,0
SUB-INL-117,EVT-16,0
SUB-INL-118,EVT-16,0
SUB-INL-119,EVT-16,0
SUB-INL-120,EVT-16,0
SUB-INL-121,EVT-16,0
SUB-INL-122,EVT-16,0
SUB-INL-123,EVT-16,0
SUB-INL-124,EVT-16,0
SUB-INL-125,EVT-16,0
SUB-INL-126,EVT-16,0
SUB-INL-127,EVT-16,0
SUB-INL-128,EVT-16,0
SUB-INL-129,EVT-16,0
SUB-INL-130,EVT-16,0
SUB-INL-131,EVT-16,0
SUB-INL-132,EVT-16,0
SUB-INL-133,EVT-16,0
SUB-INL-134,EVT-16,0
SUB-INL-135,EVT-16,1
SUB-INL-136,EVT-16,0
SUB-INL-137,EVT-16,0
SUB-INL-138,EVT-16,0
SUB-INL-139,EVT-16,0
SUB-INL-140,EVT-16,0
SUB-INL-141,EVT-16,0
SUB-INL-142,EVT-16,0
SUB-INL-143,EVT-16,0
SUB-INL-144,EVT-16,0
SUB-INL-145,EVT-16,0
SUB-INL-146,EVT-16,0
SUB-INL-147,EVT-16,0
SUB-INL-148,EVT-16,0
SUB-INL-149,EVT-16,0
SUB-INL-150,EVT-16,0
